--
-- PostgreSQL database dump
--

-- Dumped from database version 14.18 (Debian 14.18-1.pgdg120+1)
-- Dumped by pg_dump version 17.4

SET statement_timeout = 0;
SET lock_timeout = 0;
SET idle_in_transaction_session_timeout = 0;
SET transaction_timeout = 0;
SET client_encoding = 'UTF8';
SET standard_conforming_strings = on;
SELECT pg_catalog.set_config('search_path', '', false);
SET check_function_bodies = false;
SET xmloption = content;
SET client_min_messages = warning;
SET row_security = off;

--
-- Name: public; Type: SCHEMA; Schema: -; Owner: postgres
--

-- *not* creating schema, since initdb creates it


ALTER SCHEMA public OWNER TO postgres;

SET default_tablespace = '';

SET default_table_access_method = heap;

--
-- Name: auth_group; Type: TABLE; Schema: public; Owner: postgres
--

CREATE TABLE public.auth_group (
    id integer NOT NULL,
    name character varying(150) NOT NULL
);


ALTER TABLE public.auth_group OWNER TO postgres;

--
-- Name: auth_group_id_seq; Type: SEQUENCE; Schema: public; Owner: postgres
--

ALTER TABLE public.auth_group ALTER COLUMN id ADD GENERATED BY DEFAULT AS IDENTITY (
    SEQUENCE NAME public.auth_group_id_seq
    START WITH 1
    INCREMENT BY 1
    NO MINVALUE
    NO MAXVALUE
    CACHE 1
);


--
-- Name: auth_group_permissions; Type: TABLE; Schema: public; Owner: postgres
--

CREATE TABLE public.auth_group_permissions (
    id bigint NOT NULL,
    group_id integer NOT NULL,
    permission_id integer NOT NULL
);


ALTER TABLE public.auth_group_permissions OWNER TO postgres;

--
-- Name: auth_group_permissions_id_seq; Type: SEQUENCE; Schema: public; Owner: postgres
--

ALTER TABLE public.auth_group_permissions ALTER COLUMN id ADD GENERATED BY DEFAULT AS IDENTITY (
    SEQUENCE NAME public.auth_group_permissions_id_seq
    START WITH 1
    INCREMENT BY 1
    NO MINVALUE
    NO MAXVALUE
    CACHE 1
);


--
-- Name: auth_permission; Type: TABLE; Schema: public; Owner: postgres
--

CREATE TABLE public.auth_permission (
    id integer NOT NULL,
    name character varying(255) NOT NULL,
    content_type_id integer NOT NULL,
    codename character varying(100) NOT NULL
);


ALTER TABLE public.auth_permission OWNER TO postgres;

--
-- Name: auth_permission_id_seq; Type: SEQUENCE; Schema: public; Owner: postgres
--

ALTER TABLE public.auth_permission ALTER COLUMN id ADD GENERATED BY DEFAULT AS IDENTITY (
    SEQUENCE NAME public.auth_permission_id_seq
    START WITH 1
    INCREMENT BY 1
    NO MINVALUE
    NO MAXVALUE
    CACHE 1
);


--
-- Name: auth_user; Type: TABLE; Schema: public; Owner: postgres
--

CREATE TABLE public.auth_user (
    id integer NOT NULL,
    password character varying(128) NOT NULL,
    last_login timestamp with time zone,
    is_superuser boolean NOT NULL,
    username character varying(150) NOT NULL,
    first_name character varying(150) NOT NULL,
    last_name character varying(150) NOT NULL,
    email character varying(254) NOT NULL,
    is_staff boolean NOT NULL,
    is_active boolean NOT NULL,
    date_joined timestamp with time zone NOT NULL
);


ALTER TABLE public.auth_user OWNER TO postgres;

--
-- Name: auth_user_groups; Type: TABLE; Schema: public; Owner: postgres
--

CREATE TABLE public.auth_user_groups (
    id bigint NOT NULL,
    user_id integer NOT NULL,
    group_id integer NOT NULL
);


ALTER TABLE public.auth_user_groups OWNER TO postgres;

--
-- Name: auth_user_groups_id_seq; Type: SEQUENCE; Schema: public; Owner: postgres
--

ALTER TABLE public.auth_user_groups ALTER COLUMN id ADD GENERATED BY DEFAULT AS IDENTITY (
    SEQUENCE NAME public.auth_user_groups_id_seq
    START WITH 1
    INCREMENT BY 1
    NO MINVALUE
    NO MAXVALUE
    CACHE 1
);


--
-- Name: auth_user_id_seq; Type: SEQUENCE; Schema: public; Owner: postgres
--

ALTER TABLE public.auth_user ALTER COLUMN id ADD GENERATED BY DEFAULT AS IDENTITY (
    SEQUENCE NAME public.auth_user_id_seq
    START WITH 1
    INCREMENT BY 1
    NO MINVALUE
    NO MAXVALUE
    CACHE 1
);


--
-- Name: auth_user_user_permissions; Type: TABLE; Schema: public; Owner: postgres
--

CREATE TABLE public.auth_user_user_permissions (
    id bigint NOT NULL,
    user_id integer NOT NULL,
    permission_id integer NOT NULL
);


ALTER TABLE public.auth_user_user_permissions OWNER TO postgres;

--
-- Name: auth_user_user_permissions_id_seq; Type: SEQUENCE; Schema: public; Owner: postgres
--

ALTER TABLE public.auth_user_user_permissions ALTER COLUMN id ADD GENERATED BY DEFAULT AS IDENTITY (
    SEQUENCE NAME public.auth_user_user_permissions_id_seq
    START WITH 1
    INCREMENT BY 1
    NO MINVALUE
    NO MAXVALUE
    CACHE 1
);


--
-- Name: authtoken_token; Type: TABLE; Schema: public; Owner: postgres
--

CREATE TABLE public.authtoken_token (
    key character varying(40) NOT NULL,
    created timestamp with time zone NOT NULL,
    user_id integer NOT NULL
);


ALTER TABLE public.authtoken_token OWNER TO postgres;

--
-- Name: django_admin_log; Type: TABLE; Schema: public; Owner: postgres
--

CREATE TABLE public.django_admin_log (
    id integer NOT NULL,
    action_time timestamp with time zone NOT NULL,
    object_id text,
    object_repr character varying(200) NOT NULL,
    action_flag smallint NOT NULL,
    change_message text NOT NULL,
    content_type_id integer,
    user_id integer NOT NULL,
    CONSTRAINT django_admin_log_action_flag_check CHECK ((action_flag >= 0))
);


ALTER TABLE public.django_admin_log OWNER TO postgres;

--
-- Name: django_admin_log_id_seq; Type: SEQUENCE; Schema: public; Owner: postgres
--

ALTER TABLE public.django_admin_log ALTER COLUMN id ADD GENERATED BY DEFAULT AS IDENTITY (
    SEQUENCE NAME public.django_admin_log_id_seq
    START WITH 1
    INCREMENT BY 1
    NO MINVALUE
    NO MAXVALUE
    CACHE 1
);


--
-- Name: django_content_type; Type: TABLE; Schema: public; Owner: postgres
--

CREATE TABLE public.django_content_type (
    id integer NOT NULL,
    app_label character varying(100) NOT NULL,
    model character varying(100) NOT NULL
);


ALTER TABLE public.django_content_type OWNER TO postgres;

--
-- Name: django_content_type_id_seq; Type: SEQUENCE; Schema: public; Owner: postgres
--

ALTER TABLE public.django_content_type ALTER COLUMN id ADD GENERATED BY DEFAULT AS IDENTITY (
    SEQUENCE NAME public.django_content_type_id_seq
    START WITH 1
    INCREMENT BY 1
    NO MINVALUE
    NO MAXVALUE
    CACHE 1
);


--
-- Name: django_migrations; Type: TABLE; Schema: public; Owner: postgres
--

CREATE TABLE public.django_migrations (
    id bigint NOT NULL,
    app character varying(255) NOT NULL,
    name character varying(255) NOT NULL,
    applied timestamp with time zone NOT NULL
);


ALTER TABLE public.django_migrations OWNER TO postgres;

--
-- Name: django_migrations_id_seq; Type: SEQUENCE; Schema: public; Owner: postgres
--

ALTER TABLE public.django_migrations ALTER COLUMN id ADD GENERATED BY DEFAULT AS IDENTITY (
    SEQUENCE NAME public.django_migrations_id_seq
    START WITH 1
    INCREMENT BY 1
    NO MINVALUE
    NO MAXVALUE
    CACHE 1
);


--
-- Name: django_session; Type: TABLE; Schema: public; Owner: postgres
--

CREATE TABLE public.django_session (
    session_key character varying(40) NOT NULL,
    session_data text NOT NULL,
    expire_date timestamp with time zone NOT NULL
);


ALTER TABLE public.django_session OWNER TO postgres;

--
-- Name: main_customer; Type: TABLE; Schema: public; Owner: postgres
--

CREATE TABLE public.main_customer (
    id bigint NOT NULL,
    mobile bigint NOT NULL,
    user_id integer NOT NULL,
    CONSTRAINT main_customer_mobile_check CHECK ((mobile >= 0))
);


ALTER TABLE public.main_customer OWNER TO postgres;

--
-- Name: main_customer_id_seq; Type: SEQUENCE; Schema: public; Owner: postgres
--

ALTER TABLE public.main_customer ALTER COLUMN id ADD GENERATED BY DEFAULT AS IDENTITY (
    SEQUENCE NAME public.main_customer_id_seq
    START WITH 1
    INCREMENT BY 1
    NO MINVALUE
    NO MAXVALUE
    CACHE 1
);


--
-- Name: main_customeraddress; Type: TABLE; Schema: public; Owner: postgres
--

CREATE TABLE public.main_customeraddress (
    id bigint NOT NULL,
    address text NOT NULL,
    customer_id bigint NOT NULL,
    default_address boolean NOT NULL
);


ALTER TABLE public.main_customeraddress OWNER TO postgres;

--
-- Name: main_customeraddress_id_seq; Type: SEQUENCE; Schema: public; Owner: postgres
--

ALTER TABLE public.main_customeraddress ALTER COLUMN id ADD GENERATED BY DEFAULT AS IDENTITY (
    SEQUENCE NAME public.main_customeraddress_id_seq
    START WITH 1
    INCREMENT BY 1
    NO MINVALUE
    NO MAXVALUE
    CACHE 1
);


--
-- Name: main_order; Type: TABLE; Schema: public; Owner: postgres
--

CREATE TABLE public.main_order (
    id bigint NOT NULL,
    "Order_time" timestamp with time zone NOT NULL,
    customer_id bigint NOT NULL
);


ALTER TABLE public.main_order OWNER TO postgres;

--
-- Name: main_order_id_seq; Type: SEQUENCE; Schema: public; Owner: postgres
--

ALTER TABLE public.main_order ALTER COLUMN id ADD GENERATED BY DEFAULT AS IDENTITY (
    SEQUENCE NAME public.main_order_id_seq
    START WITH 1
    INCREMENT BY 1
    NO MINVALUE
    NO MAXVALUE
    CACHE 1
);


--
-- Name: main_orderitem; Type: TABLE; Schema: public; Owner: postgres
--

CREATE TABLE public.main_orderitem (
    id bigint NOT NULL,
    order_id bigint NOT NULL,
    product_id bigint NOT NULL
);


ALTER TABLE public.main_orderitem OWNER TO postgres;

--
-- Name: main_orderitem_id_seq; Type: SEQUENCE; Schema: public; Owner: postgres
--

ALTER TABLE public.main_orderitem ALTER COLUMN id ADD GENERATED BY DEFAULT AS IDENTITY (
    SEQUENCE NAME public.main_orderitem_id_seq
    START WITH 1
    INCREMENT BY 1
    NO MINVALUE
    NO MAXVALUE
    CACHE 1
);


--
-- Name: main_product; Type: TABLE; Schema: public; Owner: postgres
--

CREATE TABLE public.main_product (
    id bigint NOT NULL,
    title character varying(200) NOT NULL,
    detail text,
    price double precision NOT NULL,
    category_id bigint,
    vendor_id bigint,
    tags text,
    image character varying(100),
    slug character varying(300),
    demo_url character varying(200)
);


ALTER TABLE public.main_product OWNER TO postgres;

--
-- Name: main_product_id_seq; Type: SEQUENCE; Schema: public; Owner: postgres
--

ALTER TABLE public.main_product ALTER COLUMN id ADD GENERATED BY DEFAULT AS IDENTITY (
    SEQUENCE NAME public.main_product_id_seq
    START WITH 1
    INCREMENT BY 1
    NO MINVALUE
    NO MAXVALUE
    CACHE 1
);


--
-- Name: main_productcategory; Type: TABLE; Schema: public; Owner: postgres
--

CREATE TABLE public.main_productcategory (
    id bigint NOT NULL,
    title character varying(200) NOT NULL,
    details text
);


ALTER TABLE public.main_productcategory OWNER TO postgres;

--
-- Name: main_productcategory_id_seq; Type: SEQUENCE; Schema: public; Owner: postgres
--

ALTER TABLE public.main_productcategory ALTER COLUMN id ADD GENERATED BY DEFAULT AS IDENTITY (
    SEQUENCE NAME public.main_productcategory_id_seq
    START WITH 1
    INCREMENT BY 1
    NO MINVALUE
    NO MAXVALUE
    CACHE 1
);


--
-- Name: main_productimage; Type: TABLE; Schema: public; Owner: postgres
--

CREATE TABLE public.main_productimage (
    id bigint NOT NULL,
    image character varying(100),
    product_id bigint NOT NULL
);


ALTER TABLE public.main_productimage OWNER TO postgres;

--
-- Name: main_productimage_id_seq; Type: SEQUENCE; Schema: public; Owner: postgres
--

ALTER TABLE public.main_productimage ALTER COLUMN id ADD GENERATED BY DEFAULT AS IDENTITY (
    SEQUENCE NAME public.main_productimage_id_seq
    START WITH 1
    INCREMENT BY 1
    NO MINVALUE
    NO MAXVALUE
    CACHE 1
);


--
-- Name: main_productrating; Type: TABLE; Schema: public; Owner: postgres
--

CREATE TABLE public.main_productrating (
    id bigint NOT NULL,
    rating integer NOT NULL,
    reviews text NOT NULL,
    add_time timestamp with time zone NOT NULL,
    customer_id bigint NOT NULL,
    product_id bigint NOT NULL
);


ALTER TABLE public.main_productrating OWNER TO postgres;

--
-- Name: main_productrating_id_seq; Type: SEQUENCE; Schema: public; Owner: postgres
--

ALTER TABLE public.main_productrating ALTER COLUMN id ADD GENERATED BY DEFAULT AS IDENTITY (
    SEQUENCE NAME public.main_productrating_id_seq
    START WITH 1
    INCREMENT BY 1
    NO MINVALUE
    NO MAXVALUE
    CACHE 1
);


--
-- Name: main_vendor; Type: TABLE; Schema: public; Owner: postgres
--

CREATE TABLE public.main_vendor (
    id bigint NOT NULL,
    address text,
    user_id integer NOT NULL
);


ALTER TABLE public.main_vendor OWNER TO postgres;

--
-- Name: main_vendor_id_seq; Type: SEQUENCE; Schema: public; Owner: postgres
--

ALTER TABLE public.main_vendor ALTER COLUMN id ADD GENERATED BY DEFAULT AS IDENTITY (
    SEQUENCE NAME public.main_vendor_id_seq
    START WITH 1
    INCREMENT BY 1
    NO MINVALUE
    NO MAXVALUE
    CACHE 1
);


--
-- Name: token_blacklist_blacklistedtoken; Type: TABLE; Schema: public; Owner: postgres
--

CREATE TABLE public.token_blacklist_blacklistedtoken (
    id bigint NOT NULL,
    blacklisted_at timestamp with time zone NOT NULL,
    token_id bigint NOT NULL
);


ALTER TABLE public.token_blacklist_blacklistedtoken OWNER TO postgres;

--
-- Name: token_blacklist_blacklistedtoken_id_seq; Type: SEQUENCE; Schema: public; Owner: postgres
--

ALTER TABLE public.token_blacklist_blacklistedtoken ALTER COLUMN id ADD GENERATED BY DEFAULT AS IDENTITY (
    SEQUENCE NAME public.token_blacklist_blacklistedtoken_id_seq
    START WITH 1
    INCREMENT BY 1
    NO MINVALUE
    NO MAXVALUE
    CACHE 1
);


--
-- Name: token_blacklist_outstandingtoken; Type: TABLE; Schema: public; Owner: postgres
--

CREATE TABLE public.token_blacklist_outstandingtoken (
    id bigint NOT NULL,
    token text NOT NULL,
    created_at timestamp with time zone,
    expires_at timestamp with time zone NOT NULL,
    user_id integer,
    jti character varying(255) NOT NULL
);


ALTER TABLE public.token_blacklist_outstandingtoken OWNER TO postgres;

--
-- Name: token_blacklist_outstandingtoken_id_seq; Type: SEQUENCE; Schema: public; Owner: postgres
--

ALTER TABLE public.token_blacklist_outstandingtoken ALTER COLUMN id ADD GENERATED BY DEFAULT AS IDENTITY (
    SEQUENCE NAME public.token_blacklist_outstandingtoken_id_seq
    START WITH 1
    INCREMENT BY 1
    NO MINVALUE
    NO MAXVALUE
    CACHE 1
);


--
-- Data for Name: auth_group; Type: TABLE DATA; Schema: public; Owner: postgres
--

COPY public.auth_group (id, name) FROM stdin;
\.


--
-- Data for Name: auth_group_permissions; Type: TABLE DATA; Schema: public; Owner: postgres
--

COPY public.auth_group_permissions (id, group_id, permission_id) FROM stdin;
\.


--
-- Data for Name: auth_permission; Type: TABLE DATA; Schema: public; Owner: postgres
--

COPY public.auth_permission (id, name, content_type_id, codename) FROM stdin;
1	Can add vendor	1	add_vendor
2	Can change vendor	1	change_vendor
3	Can delete vendor	1	delete_vendor
4	Can view vendor	1	view_vendor
5	Can add product	2	add_product
6	Can change product	2	change_product
7	Can delete product	2	delete_product
8	Can view product	2	view_product
9	Can add product category	3	add_productcategory
10	Can change product category	3	change_productcategory
11	Can delete product category	3	delete_productcategory
12	Can view product category	3	view_productcategory
13	Can add customer	4	add_customer
14	Can change customer	4	change_customer
15	Can delete customer	4	delete_customer
16	Can view customer	4	view_customer
17	Can add order	5	add_order
18	Can change order	5	change_order
19	Can delete order	5	delete_order
20	Can view order	5	view_order
21	Can add order item	6	add_orderitem
22	Can change order item	6	change_orderitem
23	Can delete order item	6	delete_orderitem
24	Can view order item	6	view_orderitem
25	Can add customer address	7	add_customeraddress
26	Can change customer address	7	change_customeraddress
27	Can delete customer address	7	delete_customeraddress
28	Can view customer address	7	view_customeraddress
29	Can add product rating	8	add_productrating
30	Can change product rating	8	change_productrating
31	Can delete product rating	8	delete_productrating
32	Can view product rating	8	view_productrating
33	Can add product image	9	add_productimage
34	Can change product image	9	change_productimage
35	Can delete product image	9	delete_productimage
36	Can view product image	9	view_productimage
37	Can add log entry	10	add_logentry
38	Can change log entry	10	change_logentry
39	Can delete log entry	10	delete_logentry
40	Can view log entry	10	view_logentry
41	Can add permission	11	add_permission
42	Can change permission	11	change_permission
43	Can delete permission	11	delete_permission
44	Can view permission	11	view_permission
45	Can add group	12	add_group
46	Can change group	12	change_group
47	Can delete group	12	delete_group
48	Can view group	12	view_group
49	Can add user	13	add_user
50	Can change user	13	change_user
51	Can delete user	13	delete_user
52	Can view user	13	view_user
53	Can add content type	14	add_contenttype
54	Can change content type	14	change_contenttype
55	Can delete content type	14	delete_contenttype
56	Can view content type	14	view_contenttype
57	Can add session	15	add_session
58	Can change session	15	change_session
59	Can delete session	15	delete_session
60	Can view session	15	view_session
61	Can add blacklisted token	16	add_blacklistedtoken
62	Can change blacklisted token	16	change_blacklistedtoken
63	Can delete blacklisted token	16	delete_blacklistedtoken
64	Can view blacklisted token	16	view_blacklistedtoken
65	Can add outstanding token	17	add_outstandingtoken
66	Can change outstanding token	17	change_outstandingtoken
67	Can delete outstanding token	17	delete_outstandingtoken
68	Can view outstanding token	17	view_outstandingtoken
\.


--
-- Data for Name: auth_user; Type: TABLE DATA; Schema: public; Owner: postgres
--

COPY public.auth_user (id, password, last_login, is_superuser, username, first_name, last_name, email, is_staff, is_active, date_joined) FROM stdin;
4	pbkdf2_sha256$1000000$ovS1ok2bb6IQDX6nKgladP$A4yh6Qt+RTZ+KhQOZQ81DU2gny+IB8vL7DvjPYdtJ74=	\N	f	jatin				f	t	2025-04-10 05:46:49.689271+00
5	pbkdf2_sha256$1000000$HCakYF11urP2w1aQ0eTBk9$lwa5facZZ7lp8KF5dEBP9Bx1opZyX6RWD8+BOG3nGKM=	\N	f	ansh				f	t	2025-04-10 05:47:08.115661+00
6	pbkdf2_sha256$1000000$Ih6YWOo00MfzxNDyqbF7lc$QbwAEB1+TN3lPhxk8yNcwndDCxBREiXxPjpJgnZDSe0=	\N	f	pradeep				f	t	2025-04-10 05:47:58.63719+00
8	pbkdf2_sha256$1000000$KD1GBHvAC7TcD8ps1FDEnM$1QR1R5TFyfJX1qast7ku3Vnod2zvQ5CmbAXwojam/uo=	\N	f	customer2				f	t	2025-04-11 07:29:26+00
9	pbkdf2_sha256$1000000$ouIFktWxMRlSbs6WSeZYFr$xDM64E+Sv/DI8IdS/OpglExF1JkNKYD5ypBKXH0uV8A=	\N	f	custmer3				f	t	2025-04-11 07:29:45.286349+00
7	pbkdf2_sha256$870000$zhjIFarSPSvxq1SK8aHZ9B$WMgJFWIwxIYtFQ4t9qHAQnuqTLpAW/N+RQyZdxZF4w4=	\N	f	customer1				f	t	2025-04-11 07:29:05+00
11	pbkdf2_sha256$870000$eGTEpGrBBZXpSBG1yS8jig$9t3QY6CbfIbGuGZTH0kXZEZRCDv2W/NDgRfj5wRszGE=	\N	f	rahul				f	f	2025-06-18 10:57:25+00
12	pbkdf2_sha256$870000$8kyqe6LWGHMMYfM8X8dLiX$suNGuhWP+9BonbtzY4MB0gfVdRCO4hyqxB++IYPvgbw=	\N	f	lenovo	lenovo	allinone	lenovo@example.com	f	t	2025-06-19 03:37:24.798814+00
16	pbkdf2_sha256$1000000$G6LPS81KtmZf55HLHuuW64$zh1rxwjHFvi50YrspjwMKCu2AEeCIVkHJt+sHnIRHy0=	\N	f	milton	Milton	bottle	milton@example.com	f	t	2025-06-19 03:51:04.272726+00
1	pbkdf2_sha256$1000000$qPZVuLndFRnDAwg7zSWOWb$+QGsdrzswuR8g/WOz50pvVqK7PjonIJgkrFOd5ytRqs=	2025-06-20 19:12:16.816861+00	t	aditya				t	t	2025-04-07 08:25:11.774102+00
\.


--
-- Data for Name: auth_user_groups; Type: TABLE DATA; Schema: public; Owner: postgres
--

COPY public.auth_user_groups (id, user_id, group_id) FROM stdin;
\.


--
-- Data for Name: auth_user_user_permissions; Type: TABLE DATA; Schema: public; Owner: postgres
--

COPY public.auth_user_user_permissions (id, user_id, permission_id) FROM stdin;
\.


--
-- Data for Name: authtoken_token; Type: TABLE DATA; Schema: public; Owner: postgres
--

COPY public.authtoken_token (key, created, user_id) FROM stdin;
\.


--
-- Data for Name: django_admin_log; Type: TABLE DATA; Schema: public; Owner: postgres
--

COPY public.django_admin_log (id, action_time, object_id, object_repr, action_flag, change_message, content_type_id, user_id) FROM stdin;
1	2025-04-07 08:27:33.220286+00	1	Vendor object (1)	1	[{"added": {}}]	7	1
2	2025-04-10 05:30:07.791211+00	2	manish	1	[{"added": {}}]	4	1
3	2025-04-10 05:30:52.400803+00	3	ranjeet	1	[{"added": {}}]	4	1
4	2025-04-10 05:31:03.770935+00	3	ranjeet	1	[{"added": {}}]	7	1
5	2025-04-10 05:31:16.525187+00	4	manish	1	[{"added": {}}]	7	1
6	2025-04-10 05:44:31.741519+00	1	python	1	[{"added": {}}]	9	1
7	2025-04-10 05:44:42.332838+00	2	java	1	[{"added": {}}]	9	1
8	2025-04-10 05:44:54.298505+00	4	manish	3		7	1
9	2025-04-10 05:44:58.52177+00	3	ranjeet	3		7	1
10	2025-04-10 05:46:50.416635+00	4	jatin	1	[{"added": {}}]	4	1
11	2025-04-10 05:47:08.856739+00	5	ansh	1	[{"added": {}}]	4	1
12	2025-04-10 05:47:32.672241+00	2	manish	3		4	1
13	2025-04-10 05:47:39.236748+00	3	ranjeet	3		4	1
14	2025-04-10 05:47:59.489762+00	6	pradeep	1	[{"added": {}}]	4	1
15	2025-04-10 05:48:26.776593+00	5	ansh	1	[{"added": {}}]	7	1
16	2025-04-10 05:49:04.756007+00	6	jatin	1	[{"added": {}}]	7	1
17	2025-04-10 05:49:16.757804+00	7	pradeep	1	[{"added": {}}]	7	1
18	2025-04-10 05:50:04.626865+00	1	script by python	1	[{"added": {}}]	8	1
19	2025-04-10 05:50:33.125424+00	2	dsa with java	1	[{"added": {}}]	8	1
20	2025-04-10 05:52:54.624985+00	1	script in python	2	[{"changed": {"fields": ["Title"]}}]	8	1
21	2025-04-11 07:29:05.940337+00	7	customer1	1	[{"added": {}}]	4	1
22	2025-04-11 07:29:10.650862+00	7	customer1	2	[]	4	1
23	2025-04-11 07:29:26.860727+00	8	customer2	1	[{"added": {}}]	4	1
24	2025-04-11 07:29:33.680366+00	8	customer2	2	[]	4	1
25	2025-04-11 07:29:45.941703+00	9	custmer3	1	[{"added": {}}]	4	1
26	2025-04-11 07:33:07.042468+00	4	customer2	3		10	1
27	2025-04-11 07:33:12.519808+00	3	customer2	3		10	1
28	2025-04-11 11:22:47.063099+00	1	Order object (1)	1	[{"added": {}}]	11	1
29	2025-04-11 11:22:56.664244+00	2	Order object (2)	1	[{"added": {}}]	11	1
30	2025-04-11 11:23:06.839219+00	1	dsa with java	1	[{"added": {}}]	12	1
31	2025-04-11 11:23:15.2726+00	2	script in python	1	[{"added": {}}]	12	1
32	2025-04-15 17:09:51.937567+00	5	shivpuri	1	[{"added": {}}]	13	1
33	2025-04-15 17:10:01.967203+00	6	haridwar	1	[{"added": {}}]	13	1
34	2025-04-15 17:12:08.866219+00	6	haridwar	2	[{"changed": {"fields": ["Default address"]}}]	13	1
35	2025-04-15 17:12:57.684486+00	6	haridwar	2	[]	13	1
36	2025-04-15 17:12:59.646025+00	6	haridwar	2	[]	13	1
37	2025-04-15 17:13:04.627539+00	5	shivpuri	2	[{"changed": {"fields": ["Default address"]}}]	13	1
38	2025-04-16 16:38:02.508952+00	1	best product quality	1	[{"added": {}}]	14	1
39	2025-05-08 06:57:16.300159+00	3	Linux	1	[{"added": {}}]	9	1
40	2025-05-31 11:30:02.754408+00	6	Django local run script	2	[{"changed": {"fields": ["Tags", "Image"]}}]	8	1
41	2025-05-31 11:30:49.872297+00	5	linux git hub push script available for free	2	[{"changed": {"fields": ["Tags", "Image"]}}]	8	1
42	2025-05-31 11:31:02.560843+00	2	dsa with java	2	[{"changed": {"fields": ["Tags", "Image"]}}]	8	1
43	2025-05-31 11:31:21.684892+00	1	script in python	2	[{"changed": {"fields": ["Tags", "Image"]}}]	8	1
44	2025-05-31 11:33:25.902432+00	1	/product_imgs/pexels-cottonbro-8721318_qW5lucp.jpg	1	[{"added": {}}]	15	1
45	2025-05-31 11:33:32.936248+00	2	/product_imgs/2_5mY4bhr.jpg	1	[{"added": {}}]	15	1
46	2025-05-31 11:33:40.998231+00	3	/product_imgs/3_7crmqeg.jpg	1	[{"added": {}}]	15	1
47	2025-05-31 11:33:49.655649+00	4	/product_imgs/4_JgOVRMM.jpg	1	[{"added": {}}]	15	1
48	2025-05-31 11:34:03.148982+00	5	/product_imgs/5.jpg	1	[{"added": {}}]	15	1
49	2025-06-01 04:09:14.541831+00	6	/product_imgs/7.jpg	1	[{"added": {}}]	15	1
50	2025-06-01 04:16:25.042626+00	6	Django local run script	2	[{"changed": {"fields": ["Image"]}}]	8	1
51	2025-06-01 04:16:37.283369+00	5	linux git hub push script available for free	2	[{"changed": {"fields": ["Image"]}}]	8	1
52	2025-06-01 04:16:45.52308+00	2	dsa with java	2	[{"changed": {"fields": ["Image"]}}]	8	1
53	2025-06-01 04:16:52.902562+00	1	script in python	2	[{"changed": {"fields": ["Image"]}}]	8	1
54	2025-06-01 05:46:09.781325+00	6	Django local run script	2	[{"changed": {"fields": ["Slug"]}}, {"deleted": {"name": "product image", "object": "/media/product_imgs/pexels-cottonbro-8721318_qW5lucp.jpg"}}, {"deleted": {"name": "product image", "object": "/media/product_imgs/7.jpg"}}]	8	1
55	2025-06-01 05:46:33.798535+00	6	Django local run script	2	[{"added": {"name": "product image", "object": "/media/product_imgs/2.jpg"}}]	8	1
56	2025-06-01 05:46:55.022255+00	6	Django local run script	2	[{"added": {"name": "product image", "object": "/media/product_imgs/pexels-cottonbro-8721318.jpg"}}, {"added": {"name": "product image", "object": "/media/product_imgs/5.jpg"}}]	8	1
57	2025-06-01 05:55:58.098486+00	5	linux git hub push script available for free	2	[{"changed": {"fields": ["Slug"]}}, {"deleted": {"name": "product image", "object": "/media/product_imgs/2_5mY4bhr.jpg"}}]	8	1
58	2025-06-01 05:56:04.683475+00	6	Django local run script	2	[]	8	1
59	2025-06-01 05:56:08.921268+00	5	linux git hub push script available for free	2	[]	8	1
60	2025-06-01 05:56:14.703064+00	2	dsa with java	2	[{"changed": {"fields": ["Slug"]}}]	8	1
61	2025-06-01 05:56:19.954552+00	1	script in python	2	[{"changed": {"fields": ["Slug"]}}]	8	1
62	2025-06-01 05:56:31.163035+00	1	script in python	2	[{"deleted": {"name": "product image", "object": "/media/product_imgs/4_JgOVRMM.jpg"}}, {"deleted": {"name": "product image", "object": "/media/product_imgs/5.jpg"}}]	8	1
63	2025-06-01 05:56:39.001964+00	2	dsa with java	2	[{"deleted": {"name": "product image", "object": "/media/product_imgs/3_7crmqeg.jpg"}}]	8	1
64	2025-06-01 05:56:53.593403+00	5	linux git hub push script available for free	2	[{"added": {"name": "product image", "object": "/media/product_imgs/7.jpg"}}]	8	1
65	2025-06-01 05:58:23.582144+00	2	dsa with java	2	[{"changed": {"fields": ["Image"]}}]	8	1
66	2025-06-01 05:58:29.552045+00	2	dsa with java	2	[]	8	1
67	2025-06-01 05:58:44.41181+00	1	script in python	2	[{"added": {"name": "product image", "object": "/media/product_imgs/7_q2ZrrQh.jpg"}}]	8	1
68	2025-06-01 05:58:48.966144+00	5	linux git hub push script available for free	2	[]	8	1
69	2025-06-01 05:59:00.958418+00	2	dsa with java	2	[{"added": {"name": "product image", "object": "/media/product_imgs/4.jpg"}}]	8	1
70	2025-06-01 10:29:26.621549+00	6	Django local run script	2	[{"changed": {"fields": ["Tags"]}}]	8	1
71	2025-06-01 10:29:36.262275+00	5	linux git hub push script available for free	2	[{"changed": {"fields": ["Tags"]}}]	8	1
72	2025-06-01 10:29:45.75152+00	2	dsa with java	2	[{"changed": {"fields": ["Tags"]}}]	8	1
73	2025-06-01 10:29:55.519109+00	1	script in python	2	[{"changed": {"fields": ["Tags"]}}]	8	1
74	2025-06-03 06:06:01.764413+00	7	pandas_library	1	[{"added": {}}]	8	1
75	2025-06-03 06:22:46.565504+00	7	pandas_library	2	[]	8	1
76	2025-06-03 06:22:58.08435+00	6	Django local run script	2	[{"changed": {"fields": ["Image"]}}]	8	1
77	2025-06-03 06:23:08.768353+00	5	linux git hub push script available for free	2	[{"changed": {"fields": ["Image"]}}]	8	1
78	2025-06-03 06:23:17.339861+00	2	dsa with java	2	[{"changed": {"fields": ["Image"]}}]	8	1
79	2025-06-03 06:23:28.631671+00	1	script in python	2	[{"changed": {"fields": ["Image"]}}]	8	1
80	2025-06-03 07:05:33.521448+00	6	Django local run script	2	[{"changed": {"fields": ["Demo url"]}}]	8	1
81	2025-06-14 06:03:31.267218+00	8	mangoes	1	[{"added": {}}, {"added": {"name": "product image", "object": "/media/product_imgs/CODE1_bXPYhbZ.jpg"}}]	8	1
82	2025-06-18 10:54:21.717993+00	7	customer1	2	[{"changed": {"fields": ["password"]}}]	4	1
83	2025-06-18 10:54:48.554574+00	7	customer1	2	[]	4	1
84	2025-06-18 10:54:57.981467+00	1	customer1	3		10	1
85	2025-06-18 10:55:08.089975+00	7	customer1	1	[{"added": {}}]	10	1
86	2025-06-18 10:56:50.344783+00	10	rahul	1	[{"added": {}}]	4	1
87	2025-06-18 10:57:12.234351+00	10	rahul	3		4	1
88	2025-06-18 10:57:26.911034+00	11	rahul	1	[{"added": {}}]	4	1
89	2025-06-18 10:57:31.717939+00	11	rahul	2	[]	4	1
90	2025-06-18 12:00:05.435582+00	11	rahul	2	[{"changed": {"fields": ["Active"]}}]	4	1
91	2025-06-19 03:47:07.279178+00	13	milton	3		4	1
92	2025-06-20 09:11:57.60567+00	41	order of milton	3		11	1
93	2025-06-20 09:12:06.108033+00	40	order of milton	3		11	1
94	2025-06-20 09:12:38.629879+00	39	order of milton	3		11	1
95	2025-06-20 09:13:01.170125+00	38	order of milton	3		11	1
96	2025-06-20 09:13:01.170125+00	37	order of milton	3		11	1
97	2025-06-20 09:13:01.170125+00	36	order of milton	3		11	1
98	2025-06-20 09:13:01.170125+00	35	order of milton	3		11	1
99	2025-06-20 09:13:01.170125+00	34	order of milton	3		11	1
100	2025-06-20 09:13:01.170125+00	33	order of milton	3		11	1
101	2025-06-20 09:13:01.170125+00	32	order of milton	3		11	1
102	2025-06-20 09:13:01.170125+00	31	order of milton	3		11	1
103	2025-06-20 09:13:01.170125+00	30	order of milton	3		11	1
104	2025-06-20 09:13:01.170125+00	29	order of milton	3		11	1
105	2025-06-20 09:13:01.170125+00	28	order of milton	3		11	1
106	2025-06-20 09:13:01.170125+00	27	order of milton	3		11	1
107	2025-06-20 09:13:01.170125+00	26	order of milton	3		11	1
108	2025-06-20 09:13:01.170125+00	25	order of milton	3		11	1
109	2025-06-20 09:13:01.170125+00	24	order of milton	3		11	1
110	2025-06-20 09:13:01.170125+00	23	order of milton	3		11	1
111	2025-06-20 09:13:01.170125+00	22	order of milton	3		11	1
112	2025-06-20 09:13:01.170125+00	21	order of milton	3		11	1
113	2025-06-20 09:13:01.170125+00	20	order of milton	3		11	1
114	2025-06-20 09:13:01.170125+00	19	order of milton	3		11	1
115	2025-06-20 09:13:01.170125+00	18	order of milton	3		11	1
116	2025-06-20 09:13:01.170125+00	17	order of milton	3		11	1
117	2025-06-20 09:13:01.170125+00	16	order of milton	3		11	1
118	2025-06-20 09:13:01.170125+00	15	order of milton	3		11	1
119	2025-06-20 09:13:01.170125+00	14	order of milton	3		11	1
120	2025-06-20 09:13:01.170125+00	13	order of milton	3		11	1
121	2025-06-20 09:13:01.170125+00	2	order of customer2	3		11	1
122	2025-06-20 09:42:15.641154+00	46	order of customer1	3		11	1
123	2025-06-20 09:42:15.641154+00	45	order of milton	3		11	1
124	2025-06-20 09:42:15.641154+00	44	order of milton	3		11	1
125	2025-06-20 09:42:15.641154+00	43	order of milton	3		11	1
126	2025-06-20 09:42:15.641154+00	42	order of milton	3		11	1
127	2025-06-20 09:49:14.435883+00	47	order of customer1	3		11	1
\.


--
-- Data for Name: django_content_type; Type: TABLE DATA; Schema: public; Owner: postgres
--

COPY public.django_content_type (id, app_label, model) FROM stdin;
1	main	vendor
2	main	product
3	main	productcategory
4	main	customer
5	main	order
6	main	orderitem
7	main	customeraddress
8	main	productrating
9	main	productimage
10	admin	logentry
11	auth	permission
12	auth	group
13	auth	user
14	contenttypes	contenttype
15	sessions	session
16	token_blacklist	blacklistedtoken
17	token_blacklist	outstandingtoken
\.


--
-- Data for Name: django_migrations; Type: TABLE DATA; Schema: public; Owner: postgres
--

COPY public.django_migrations (id, app, name, applied) FROM stdin;
1	contenttypes	0001_initial	2025-06-21 09:41:57.108723+00
2	auth	0001_initial	2025-06-21 09:41:57.214986+00
3	admin	0001_initial	2025-06-21 09:41:57.238542+00
4	admin	0002_logentry_remove_auto_add	2025-06-21 09:41:57.245212+00
5	admin	0003_logentry_add_action_flag_choices	2025-06-21 09:41:57.253247+00
6	contenttypes	0002_remove_content_type_name	2025-06-21 09:41:57.272138+00
7	auth	0002_alter_permission_name_max_length	2025-06-21 09:41:57.28063+00
8	auth	0003_alter_user_email_max_length	2025-06-21 09:41:57.293378+00
9	auth	0004_alter_user_username_opts	2025-06-21 09:41:57.337696+00
10	auth	0005_alter_user_last_login_null	2025-06-21 09:41:57.350406+00
11	auth	0006_require_contenttypes_0002	2025-06-21 09:41:57.356861+00
12	auth	0007_alter_validators_add_error_messages	2025-06-21 09:41:57.365582+00
13	auth	0008_alter_user_username_max_length	2025-06-21 09:41:57.378243+00
14	auth	0009_alter_user_last_name_max_length	2025-06-21 09:41:57.386984+00
15	auth	0010_alter_group_name_max_length	2025-06-21 09:41:57.395772+00
16	auth	0011_update_proxy_permissions	2025-06-21 09:41:57.402781+00
17	auth	0012_alter_user_first_name_max_length	2025-06-21 09:41:57.411518+00
18	main	0001_initial	2025-06-21 09:41:57.433535+00
19	main	0002_product_productcategory	2025-06-21 09:41:57.453185+00
20	main	0003_product_category	2025-06-21 09:41:57.467147+00
21	main	0004_rename_details_product_detail_product_vendor_and_more	2025-06-21 09:41:57.500478+00
22	main	0005_rename_vendor_product_vendor	2025-06-21 09:41:57.512111+00
23	main	0006_customer_order_orderitem	2025-06-21 09:41:57.568279+00
24	main	0007_alter_orderitem_order_alter_product_category_and_more	2025-06-21 09:41:57.605483+00
25	main	0008_customeraddress_default_address	2025-06-21 09:41:57.617405+00
26	main	0009_productrating	2025-06-21 09:41:57.648292+00
27	main	0010_product_image_product_tags_productimage	2025-06-21 09:41:57.685404+00
28	main	0011_remove_product_image	2025-06-21 09:41:57.694092+00
29	main	0012_product_image	2025-06-21 09:41:57.702064+00
30	main	0013_product_slug	2025-06-21 09:41:57.718363+00
31	main	0014_product_demo_url	2025-06-21 09:41:57.728077+00
32	sessions	0001_initial	2025-06-21 09:41:57.745475+00
33	token_blacklist	0001_initial	2025-06-21 09:41:57.795466+00
34	token_blacklist	0002_outstandingtoken_jti_hex	2025-06-21 09:41:57.804996+00
35	token_blacklist	0003_auto_20171017_2007	2025-06-21 09:41:57.820942+00
36	token_blacklist	0004_auto_20171017_2013	2025-06-21 09:41:57.863055+00
37	token_blacklist	0005_remove_outstandingtoken_jti	2025-06-21 09:41:57.872885+00
38	token_blacklist	0006_auto_20171017_2113	2025-06-21 09:41:57.882745+00
39	token_blacklist	0007_auto_20171017_2214	2025-06-21 09:41:57.908668+00
40	token_blacklist	0008_migrate_to_bigautofield	2025-06-21 09:41:57.965706+00
41	token_blacklist	0010_fix_migrate_to_bigautofield	2025-06-21 09:41:57.985177+00
42	token_blacklist	0011_linearizes_history	2025-06-21 09:41:57.987789+00
43	token_blacklist	0012_alter_outstandingtoken_user	2025-06-21 09:41:58.002575+00
\.


--
-- Data for Name: django_session; Type: TABLE DATA; Schema: public; Owner: postgres
--

COPY public.django_session (session_key, session_data, expire_date) FROM stdin;
hdbbbaicg0upg5ccevs5kg6m80fky5vf	.eJxVjEEOwiAQRe_C2pAZaCG4dO8ZCMwwUjU0Ke3KeHdt0oVu_3vvv1RM21rj1ssSJ1Znher0u-VEj9J2wPfUbrOmua3LlPWu6IN2fZ25PC-H-3dQU6_fOiFZDsULehgBAURKNiZYYqQRrbAEk0TsUMQ7RAmSDcDAJA7AkXp_APC7OEs:1u1how:fmtrR6ukivKJPukia5kV2n6OI5V5otfuFWHH6pfoDK4	2025-04-21 08:27:06.361728+00
u1dzmjbgiy7jfo3pcmoo7mzqkl1fwdq5	.eJxVjEEOwiAQRe_C2pAZaCG4dO8ZCMwwUjU0Ke3KeHdt0oVu_3vvv1RM21rj1ssSJ1Znher0u-VEj9J2wPfUbrOmua3LlPWu6IN2fZ25PC-H-3dQU6_fOiFZDsULehgBAURKNiZYYqQRrbAEk0TsUMQ7RAmSDcDAJA7AkXp_APC7OEs:1u1iD7:gtMw47YIQ_w6tz5PCKndupSUADUKBRzowI8KjUyqgFM	2025-04-21 08:52:05.427961+00
itb156cvga5c0bxt76e2j6ki7e3f1cti	.eJxVjEEOwiAQRe_C2pAZaCG4dO8ZCMwwUjU0Ke3KeHdt0oVu_3vvv1RM21rj1ssSJ1Znher0u-VEj9J2wPfUbrOmua3LlPWu6IN2fZ25PC-H-3dQU6_fOiFZDsULehgBAURKNiZYYqQRrbAEk0TsUMQ7RAmSDcDAJA7AkXp_APC7OEs:1u2kr2:Cq_pFs-CN1FFIW9NvlrNCThTxrzlso071G0E7UHRDYQ	2025-04-24 05:53:36.341324+00
2hh1pr3dj9emsj1mxr1eg9atiboq5u1o	.eJxVjDEOgzAMRe-SuYoIETF07N4zRHZsN7RVkAhMqHcvSAzt-t77fzMR1yXHtcocRzZX48zllxGml5RD8BPLY7JpKss8kj0Se9pq7xPL-3a2fwcZa97XqArggKAlDI48-15FXVKnxDSEHQaA1nfaNL0MKIETC3pOGoA7Mp8vDrE5WQ:1uCvBa:v6a_M8gBRyXJq11Qcd3gHONJBlAFBySftXpk9JZqOVM	2025-05-22 06:56:50.945976+00
jmwbckrz1lgbqme6fyf7cuz9pnc92xvw	.eJxVjDEOgzAMRe-SuYoIETF07N4zRHZsN7RVkAhMqHcvSAzt-t77fzMR1yXHtcocRzZX48zllxGml5RD8BPLY7JpKss8kj0Se9pq7xPL-3a2fwcZa97XqArggKAlDI48-15FXVKnxDSEHQaA1nfaNL0MKIETC3pOGoA7Mp8vDrE5WQ:1uKaxT:2JKqPy5DOwg5G4FEIjOsjfbIl1NZBvTztZxIirgLSLg	2025-06-12 10:57:59.891631+00
u75h21dzzk30sgps2uezjabl6ste7ve5	.eJxVjDEOgzAMRe-SuYoIETF07N4zRHZsN7RVkAhMqHcvSAzt-t77fzMR1yXHtcocRzZX48zllxGml5RD8BPLY7JpKss8kj0Se9pq7xPL-3a2fwcZa97XqArggKAlDI48-15FXVKnxDSEHQaA1nfaNL0MKIETC3pOGoA7Mp8vDrE5WQ:1uLKKK:rlKnO3lGhTonWsvctwI0uac1xOVDWo4HT4eZc_PH5tM	2025-06-14 11:24:36.457854+00
54xtk4hz6v6f44jfa5kxv426iqnofg4w	.eJxVjDEOgzAMRe-SuYoIETF07N4zRHZsN7RVkAhMqHcvSAzt-t77fzMR1yXHtcocRzZX48zllxGml5RD8BPLY7JpKss8kj0Se9pq7xPL-3a2fwcZa97XqArggKAlDI48-15FXVKnxDSEHQaA1nfaNL0MKIETC3pOGoA7Mp8vDrE5WQ:1uMKlg:qUvI_803U7pz7EUPHyacHk6UGF-RQr2wq0YIV_QQ21Q	2025-06-17 06:05:00.752455+00
k8ry0csjfhoohr0bv66h0khojkvsi5n6	.eJxVjDEOgzAMRe-SuYoIETF07N4zRHZsN7RVkAhMqHcvSAzt-t77fzMR1yXHtcocRzZX48zllxGml5RD8BPLY7JpKss8kj0Se9pq7xPL-3a2fwcZa97XqArggKAlDI48-15FXVKnxDSEHQaA1nfaNL0MKIETC3pOGoA7Mp8vDrE5WQ:1uRqQv:8x1wxt95-ZWFRekfjQejEA-KZY4b5LW9I7aNsPcm-PA	2025-07-02 10:54:21.738351+00
uwomttqbuj6k54gt419v8atgj5bgr2k7	.eJxVjDEOgzAMRe-SuYoIETF07N4zRHZsN7RVkAhMqHcvSAzt-t77fzMR1yXHtcocRzZX48zllxGml5RD8BPLY7JpKss8kj0Se9pq7xPL-3a2fwcZa97XqArggKAlDI48-15FXVKnxDSEHQaA1nfaNL0MKIETC3pOGoA7Mp8vDrE5WQ:1uSXLx:gv8VO76nF-u-qTppa5Z2Kw1NEZnKRvmKjYdDrrqHKrg	2025-07-04 08:44:05.885017+00
lc2tz71lv3w8y97gauntyvqpgaevvlvg	.eJxVjEEOwiAQRe_C2hCwA2VcuvcMZIBBqgaS0q6Md7dNutDtf-_9t_C0LsWvnWc_JXERWpx-t0DxyXUH6UH13mRsdZmnIHdFHrTLW0v8uh7u30GhXrYaKATDFBDYnUe0ilWOPBBEY9AxKhgxp6SzQTMAWQscBqeVo81GUOLzBfL0N4s:1uSh9s:S9zHCDw4Dlb2gp78BnIlR3E-eIkRzh8mSRDBRO40Pq4	2025-07-04 19:12:16.818867+00
\.


--
-- Data for Name: main_customer; Type: TABLE DATA; Schema: public; Owner: postgres
--

COPY public.main_customer (id, mobile, user_id) FROM stdin;
2	9089089080	8
5	8619058180	9
6	8619058180	9
7	8619058180	7
8	9876543210	12
10	1234567890	16
\.


--
-- Data for Name: main_customeraddress; Type: TABLE DATA; Schema: public; Owner: postgres
--

COPY public.main_customeraddress (id, address, customer_id, default_address) FROM stdin;
6	haridwar	2	t
\.


--
-- Data for Name: main_order; Type: TABLE DATA; Schema: public; Owner: postgres
--

COPY public.main_order (id, "Order_time", customer_id) FROM stdin;
48	2025-06-20 09:47:50.217549+00	7
49	2025-06-20 09:57:19.946889+00	7
50	2025-06-20 09:57:35.686397+00	7
51	2025-06-20 10:01:48.834457+00	10
52	2025-06-20 10:03:05.255603+00	10
53	2025-06-20 10:03:40.408359+00	10
54	2025-06-20 10:11:42.813158+00	10
55	2025-06-20 10:11:42.887969+00	10
56	2025-06-20 10:12:23.267492+00	10
57	2025-06-20 14:40:31.75192+00	10
58	2025-06-20 19:11:59.906036+00	10
\.


--
-- Data for Name: main_orderitem; Type: TABLE DATA; Schema: public; Owner: postgres
--

COPY public.main_orderitem (id, order_id, product_id) FROM stdin;
6	51	5
7	52	2
8	53	1
9	53	8
10	54	8
11	55	8
12	56	5
13	57	2
14	58	8
\.


--
-- Data for Name: main_product; Type: TABLE DATA; Schema: public; Owner: postgres
--

COPY public.main_product (id, title, detail, price, category_id, vendor_id, tags, image, slug, demo_url) FROM stdin;
1	script in python	run this  in your project for automation	200	1	1	numpy,pandas,fastapi	product_imgs/2_ozmQmlI.jpg	script-in-python	\N
6	Django local run script	used for locally running an django application	100	1	1	django,djangorest	product_imgs/7_OYQOIwa.jpg	django-local-run-script	http://localhost:3000/
8	mangoes	fkjdsfjskdfsdjfjk	1234	1	1	asd afsfk zfskfs	product_imgs/CODE1.jpg	mangoes	\N
7	pandas_library	detailed libraries of pandas	3300	1	1	tag1,tag2,tag3	product_imgs/pexels-cottonbro-8721318_QpieoZd.jpg	pandas_library	\N
5	linux git hub push script available for free	ci cd pipeline	999	3	7	linux,rhcsa,redhat	product_imgs/5_JaFmyAV.jpg	linux-git-hub-push-script-available-for-free	\N
2	dsa with java	learn dsa in java	546	2	5	java,springboot	product_imgs/3.jpg	dsa-with-java	\N
\.


--
-- Data for Name: main_productcategory; Type: TABLE DATA; Schema: public; Owner: postgres
--

COPY public.main_productcategory (id, title, details) FROM stdin;
1	python	timer script
2	java	dsa questions
3	Linux	linux scripiting
\.


--
-- Data for Name: main_productimage; Type: TABLE DATA; Schema: public; Owner: postgres
--

COPY public.main_productimage (id, image, product_id) FROM stdin;
7	product_imgs/2.jpg	6
8	product_imgs/pexels-cottonbro-8721318.jpg	6
9	product_imgs/5.jpg	6
10	product_imgs/7.jpg	5
11	product_imgs/7_q2ZrrQh.jpg	1
12	product_imgs/4.jpg	2
13	product_imgs/CODE1_bXPYhbZ.jpg	8
\.


--
-- Data for Name: main_productrating; Type: TABLE DATA; Schema: public; Owner: postgres
--

COPY public.main_productrating (id, rating, reviews, add_time, customer_id, product_id) FROM stdin;
\.


--
-- Data for Name: main_vendor; Type: TABLE DATA; Schema: public; Owner: postgres
--

COPY public.main_vendor (id, address, user_id) FROM stdin;
1	my address in dattatreya ashram	1
5	i am from indore	5
6	i am from vidisha	4
7	i am from delhi	6
\.


--
-- Data for Name: token_blacklist_blacklistedtoken; Type: TABLE DATA; Schema: public; Owner: postgres
--

COPY public.token_blacklist_blacklistedtoken (id, blacklisted_at, token_id) FROM stdin;
\.


--
-- Data for Name: token_blacklist_outstandingtoken; Type: TABLE DATA; Schema: public; Owner: postgres
--

COPY public.token_blacklist_outstandingtoken (id, token, created_at, expires_at, user_id, jti) FROM stdin;
1	eyJhbGciOiJIUzI1NiIsInR5cCI6IkpXVCJ9.eyJ0b2tlbl90eXBlIjoicmVmcmVzaCIsImV4cCI6MTc0OTc0NjE3NCwiaWF0IjoxNzQ5NjU5Nzc0LCJqdGkiOiI4MjYzYTIyZTBiY2E0YWIwOTMyOTFmMzRjNzllMjAwOSIsInVzZXJfaWQiOjF9.WDHWLZUiJQVv_pQ0AaiIksDfAPK348FI-tJiRvyAhcg	2025-06-11 16:36:14.151733+00	2025-06-12 16:36:14+00	1	8263a22e0bca4ab093291f34c79e2009
2	eyJhbGciOiJIUzI1NiIsInR5cCI6IkpXVCJ9.eyJ0b2tlbl90eXBlIjoicmVmcmVzaCIsImV4cCI6MTc0OTc0NjY5MSwiaWF0IjoxNzQ5NjYwMjkxLCJqdGkiOiIzNjM3OWNjZTU1MTA0MjNmOGNmNmVkYjU0OTFmYzQ3ZSIsInVzZXJfaWQiOjF9.dtOvbN6jDxQM6XOUR7Aq3tMO29x2gFnP5Wzvrrly98o	2025-06-11 16:44:51.645397+00	2025-06-12 16:44:51+00	1	36379cce5510423f8cf6edb5491fc47e
3	eyJhbGciOiJIUzI1NiIsInR5cCI6IkpXVCJ9.eyJ0b2tlbl90eXBlIjoicmVmcmVzaCIsImV4cCI6MTc0OTc0NjkzMiwiaWF0IjoxNzQ5NjYwNTMyLCJqdGkiOiIyOWEzYzk3MDhiNzc0M2QwODJjODA4YTRjYTJlMTcyMSIsInVzZXJfaWQiOjF9.Dytu7U94PDFV421KKafPDwv9guACk9T85IAuX2Ricac	2025-06-11 16:48:52.584599+00	2025-06-12 16:48:52+00	1	29a3c9708b7743d082c808a4ca2e1721
4	eyJhbGciOiJIUzI1NiIsInR5cCI6IkpXVCJ9.eyJ0b2tlbl90eXBlIjoicmVmcmVzaCIsImV4cCI6MTc0OTc0ODAwNSwiaWF0IjoxNzQ5NjYxNjA1LCJqdGkiOiIyYzA2YjAzMjZmZmQ0ODNlYTEwYjdlMWFmMGIwYTM3OSIsInVzZXJfaWQiOjF9.Fqe6k4qNAjMkQV33-v2dkcfqZX_dCr2G3w9yRcSKZaY	2025-06-11 17:06:45.548115+00	2025-06-12 17:06:45+00	1	2c06b0326ffd483ea10b7e1af0b0a379
5	eyJhbGciOiJIUzI1NiIsInR5cCI6IkpXVCJ9.eyJ0b2tlbl90eXBlIjoicmVmcmVzaCIsImV4cCI6MTc0OTc0ODA3NSwiaWF0IjoxNzQ5NjYxNjc1LCJqdGkiOiJiOWQ0MDE2OGFhNDE0YzhhOTIzMDhkY2JjNzdhODU4OSIsInVzZXJfaWQiOjF9.dhvPSmzTI4AQbkY9DRskQnDTKhDn8nkRXunAF86fkI0	2025-06-11 17:07:55.79076+00	2025-06-12 17:07:55+00	1	b9d40168aa414c8a92308dcbc77a8589
6	eyJhbGciOiJIUzI1NiIsInR5cCI6IkpXVCJ9.eyJ0b2tlbl90eXBlIjoicmVmcmVzaCIsImV4cCI6MTc0OTc0ODg5NCwiaWF0IjoxNzQ5NjYyNDk0LCJqdGkiOiJmZTQzZjM5NzMxOWQ0NGYzOTE4NDVmNjhjOGIxNzgzYSIsInVzZXJfaWQiOjF9.a8nHfbYLR8SDsJP_mZvkNPB-7ZPTCGiB33W-YCxa8P8	2025-06-11 17:21:34.533113+00	2025-06-12 17:21:34+00	1	fe43f397319d44f391845f68c8b1783a
7	eyJhbGciOiJIUzI1NiIsInR5cCI6IkpXVCJ9.eyJ0b2tlbl90eXBlIjoicmVmcmVzaCIsImV4cCI6MTc0OTc0OTAxOSwiaWF0IjoxNzQ5NjYyNjE5LCJqdGkiOiIwZWJhMDJiYWQxN2E0NmViODcwYjQ4MmVlZTUwYTI1YSIsInVzZXJfaWQiOjF9.LZ2ZER6XbOl9QJE_2pgfGgc492Uk5Wq2hyh8VyhbYSc	2025-06-11 17:23:39.238379+00	2025-06-12 17:23:39+00	1	0eba02bad17a46eb870b482eee50a25a
8	eyJhbGciOiJIUzI1NiIsInR5cCI6IkpXVCJ9.eyJ0b2tlbl90eXBlIjoicmVmcmVzaCIsImV4cCI6MTc0OTc0OTI0MiwiaWF0IjoxNzQ5NjYyODQyLCJqdGkiOiIxY2Y3MWFjZGVkMzk0MjYzYWMzNjcwOWJhOWU4ZGYyMSIsInVzZXJfaWQiOjF9.Wp4ReY_AXIKrqXRaa__suegCGnQKls27mfNp1u57tKM	2025-06-11 17:27:22.247886+00	2025-06-12 17:27:22+00	1	1cf71acded394263ac36709ba9e8df21
9	eyJhbGciOiJIUzI1NiIsInR5cCI6IkpXVCJ9.eyJ0b2tlbl90eXBlIjoicmVmcmVzaCIsImV4cCI6MTc0OTc1MDAzNywiaWF0IjoxNzQ5NjYzNjM3LCJqdGkiOiI1MWRlMWE5NzQxNjQ0YmRiYTEwOWE0Yzk5MGY0NGY4MSIsInVzZXJfaWQiOjF9._zH7mvkADLra4XQTO1H57P2LjVDp7rZYs9nrlMTDh_0	2025-06-11 17:40:37.37661+00	2025-06-12 17:40:37+00	1	51de1a9741644bdba109a4c990f44f81
10	eyJhbGciOiJIUzI1NiIsInR5cCI6IkpXVCJ9.eyJ0b2tlbl90eXBlIjoicmVmcmVzaCIsImV4cCI6MTc0OTc1MjQyNCwiaWF0IjoxNzQ5NjY2MDI0LCJqdGkiOiI0M2U2ZjE5ZGY4NTg0MjY5YTEwMjRkMDkwYzkxMDdmYSIsInVzZXJfaWQiOjF9.AlIu2vXPTHgQvPUFf0RXUTnTFE2oq9q0pylwTCcLIVY	2025-06-11 18:20:24.144975+00	2025-06-12 18:20:24+00	1	43e6f19df8584269a1024d090c9107fa
11	eyJhbGciOiJIUzI1NiIsInR5cCI6IkpXVCJ9.eyJ0b2tlbl90eXBlIjoicmVmcmVzaCIsImV4cCI6MTc0OTc1MzE1NiwiaWF0IjoxNzQ5NjY2NzU2LCJqdGkiOiI3YjQxNDZiMGRlOGE0Y2E2OTdjZTEwMjhlNGE5MWMyNCIsInVzZXJfaWQiOjF9.QIQ9dYueAqhNI1ltWnQcgZYsrNN1w72FPHdy-wyfRgg	2025-06-11 18:32:36.66059+00	2025-06-12 18:32:36+00	1	7b4146b0de8a4ca697ce1028e4a91c24
12	eyJhbGciOiJIUzI1NiIsInR5cCI6IkpXVCJ9.eyJ0b2tlbl90eXBlIjoicmVmcmVzaCIsImV4cCI6MTc0OTk2ODAyOCwiaWF0IjoxNzQ5ODgxNjI4LCJqdGkiOiIwOGIyYTkxYTNjZjc0MDljODM5YWY3ZTNhMGQ1OGVlZiIsInVzZXJfaWQiOjF9.7gHDpRhPHGbBHPIU7dk9PSRnnV9-eG0JcDnUZVcyq1o	2025-06-14 06:13:48.592049+00	2025-06-15 06:13:48+00	1	08b2a91a3cf7409c839af7e3a0d58eef
13	eyJhbGciOiJIUzI1NiIsInR5cCI6IkpXVCJ9.eyJ0b2tlbl90eXBlIjoicmVmcmVzaCIsImV4cCI6MTc1MDMzMDI5NSwiaWF0IjoxNzUwMjQzODk1LCJqdGkiOiI4MDUxYTNjN2JhMjY0MjM4YTc2ZTdiYzMwMjMzNGE0YyIsInVzZXJfaWQiOjF9.0-sLgPVfEbZJzJyBfRQisDrsnvw4ddIkxAkoumdW6Yk	2025-06-18 10:51:35.452679+00	2025-06-19 10:51:35+00	1	8051a3c7ba264238a76e7bc302334a4c
14	eyJhbGciOiJIUzI1NiIsInR5cCI6IkpXVCJ9.eyJ0b2tlbl90eXBlIjoicmVmcmVzaCIsImV4cCI6MTc1MDMzMDU1NCwiaWF0IjoxNzUwMjQ0MTU0LCJqdGkiOiJiMzQ5OWRiM2JlMjY0MmUwYjBkMjBlYTBhODVhOWU5YiIsInVzZXJfaWQiOjd9.Vrn_Ng3LS-Ri5RnWBS85gHVSZsBtJL0Zwl9StyJ-imc	2025-06-18 10:55:54.845328+00	2025-06-19 10:55:54+00	7	b3499db3be2642e0b0d20ea0a85a9e9b
15	eyJhbGciOiJIUzI1NiIsInR5cCI6IkpXVCJ9.eyJ0b2tlbl90eXBlIjoicmVmcmVzaCIsImV4cCI6MTc1MDMzMDU3NywiaWF0IjoxNzUwMjQ0MTc3LCJqdGkiOiJlZmQwY2NlYTFlMjA0ZTRmYTY1MjQwNWYxMzIyODVlMiIsInVzZXJfaWQiOjF9.hIwAEjNwk9vVIEazuWVPiBoBZkD0x9rOny-fK13ksao	2025-06-18 10:56:17.886249+00	2025-06-19 10:56:17+00	1	efd0ccea1e204e4fa652405f132285e2
16	eyJhbGciOiJIUzI1NiIsInR5cCI6IkpXVCJ9.eyJ0b2tlbl90eXBlIjoicmVmcmVzaCIsImV4cCI6MTc1MDMzMDY5MCwiaWF0IjoxNzUwMjQ0MjkwLCJqdGkiOiI2OTUxNDQ4NzMzMmE0MGVjYmU1NzYwZjk0NjQ2NWM5OSIsInVzZXJfaWQiOjExfQ.M0Y0tPTdzjpaSe-9SOEamffaX-Q5NvgbSFvWc7InzkM	2025-06-18 10:58:10.221843+00	2025-06-19 10:58:10+00	11	69514487332a40ecbe5760f946465c99
17	eyJhbGciOiJIUzI1NiIsInR5cCI6IkpXVCJ9.eyJ0b2tlbl90eXBlIjoicmVmcmVzaCIsImV4cCI6MTc1MDMzMTExNiwiaWF0IjoxNzUwMjQ0NzE2LCJqdGkiOiI0N2UwZjRjZDJhM2I0OGY5OWJmNGUwMGNiODhmMGYxYiIsInVzZXJfaWQiOjd9.87rw9L15Us9FtVU5CJJ1T0uijOy0Stj7iNRD4_3w4dg	2025-06-18 11:05:16.699481+00	2025-06-19 11:05:16+00	7	47e0f4cd2a3b48f99bf4e00cb88f0f1b
18	eyJhbGciOiJIUzI1NiIsInR5cCI6IkpXVCJ9.eyJ0b2tlbl90eXBlIjoicmVmcmVzaCIsImV4cCI6MTc1MDMzMTEzMSwiaWF0IjoxNzUwMjQ0NzMxLCJqdGkiOiI0ODc1OWE3YTRjYWE0NTUwODhlNGRmZWYwMGNjNjk5OCIsInVzZXJfaWQiOjF9.Ea4cuaFHLyr5IxArBcdV97g7gPtZSqNRzGQMio7Pp3w	2025-06-18 11:05:31.439922+00	2025-06-19 11:05:31+00	1	48759a7a4caa455088e4dfef00cc6998
19	eyJhbGciOiJIUzI1NiIsInR5cCI6IkpXVCJ9.eyJ0b2tlbl90eXBlIjoicmVmcmVzaCIsImV4cCI6MTc1MDMzMzY5MSwiaWF0IjoxNzUwMjQ3MjkxLCJqdGkiOiIwYjU0MmQzYzNiZTg0OWRhYmY4ZTM2YjlmOWQ0NThjOCIsInVzZXJfaWQiOjExfQ.vpXRu_-kZuAnUwWgvW0j9347PxTMomPsuhkHRAdfymY	2025-06-18 11:48:11.613318+00	2025-06-19 11:48:11+00	11	0b542d3c3be849dabf8e36b9f9d458c8
20	eyJhbGciOiJIUzI1NiIsInR5cCI6IkpXVCJ9.eyJ0b2tlbl90eXBlIjoicmVmcmVzaCIsImV4cCI6MTc1MDMzMzczOCwiaWF0IjoxNzUwMjQ3MzM4LCJqdGkiOiJhZmVhZmRjMDQ2NWU0N2UyYjZiYTM5MzgyN2Q4ZTM4MyIsInVzZXJfaWQiOjF9.ZX3eIf-HD2RW0LcwrPf1FK2tu4fBVQbywf4T_YIhN0o	2025-06-18 11:48:58.562715+00	2025-06-19 11:48:58+00	1	afeafdc0465e47e2b6ba393827d8e383
21	eyJhbGciOiJIUzI1NiIsInR5cCI6IkpXVCJ9.eyJ0b2tlbl90eXBlIjoicmVmcmVzaCIsImV4cCI6MTc1MDMzNDA0NywiaWF0IjoxNzUwMjQ3NjQ3LCJqdGkiOiJlYzBjYTRiZWY0YzI0YWM1OTEwMTQ4ZTNjMjM4ZjgwOCIsInVzZXJfaWQiOjExfQ.lYxm55I5KZztAU1443L8mWfbtbgq_Wzb6WO-o7c3WX8	2025-06-18 11:54:07.59863+00	2025-06-19 11:54:07+00	11	ec0ca4bef4c24ac5910148e3c238f808
22	eyJhbGciOiJIUzI1NiIsInR5cCI6IkpXVCJ9.eyJ0b2tlbl90eXBlIjoicmVmcmVzaCIsImV4cCI6MTc1MDMzNDE3NiwiaWF0IjoxNzUwMjQ3Nzc2LCJqdGkiOiI4ZWFiYWYzNDFiZjI0YjAyOWY3ZjEyMWQ4Yzc1YjZmZSIsInVzZXJfaWQiOjF9.kKlmZEoAZsd3GZ9JvYb_9hPND02j60nER83CC_YMURs	2025-06-18 11:56:16.052446+00	2025-06-19 11:56:16+00	1	8eabaf341bf24b029f7f121d8c75b6fe
23	eyJhbGciOiJIUzI1NiIsInR5cCI6IkpXVCJ9.eyJ0b2tlbl90eXBlIjoicmVmcmVzaCIsImV4cCI6MTc1MDMzNDIxNCwiaWF0IjoxNzUwMjQ3ODE0LCJqdGkiOiIxYTRlYjc2OThmZjg0MDE5OGI3NGJkYjA1MDE3NTE4YiIsInVzZXJfaWQiOjF9.4Z7rgN803RBCcRur1XPlh0q9MtrRKlP8bHhIjlnQXBg	2025-06-18 11:56:54.791491+00	2025-06-19 11:56:54+00	1	1a4eb7698ff840198b74bdb05017518b
24	eyJhbGciOiJIUzI1NiIsInR5cCI6IkpXVCJ9.eyJ0b2tlbl90eXBlIjoicmVmcmVzaCIsImV4cCI6MTc1MDMzNDU1NiwiaWF0IjoxNzUwMjQ4MTU2LCJqdGkiOiIyMzYzNzM0N2I1ODE0NDZkOTdmNjI1YTg4NjE5Zjk0OCIsInVzZXJfaWQiOjF9.kJVpztcKuLspejQ0bMNDXspC735RzJyK73g3HOgBshY	2025-06-18 12:02:36.771539+00	2025-06-19 12:02:36+00	1	23637347b581446d97f625a88619f948
25	eyJhbGciOiJIUzI1NiIsInR5cCI6IkpXVCJ9.eyJ0b2tlbl90eXBlIjoicmVmcmVzaCIsImV4cCI6MTc1MDMzNDU4MCwiaWF0IjoxNzUwMjQ4MTgwLCJqdGkiOiI3M2FlNzRlMmU0NGU0YmM2YmYwZjQ4ZjdkMzliOTJhZSIsInVzZXJfaWQiOjd9.egC7vjpsHAwMFQEEO9oQlHn3GRq6Jgq-cRwhsXGIsO8	2025-06-18 12:03:00.445311+00	2025-06-19 12:03:00+00	7	73ae74e2e44e4bc6bf0f48f7d39b92ae
26	eyJhbGciOiJIUzI1NiIsInR5cCI6IkpXVCJ9.eyJ0b2tlbl90eXBlIjoicmVmcmVzaCIsImV4cCI6MTc1MDMzNDYzNSwiaWF0IjoxNzUwMjQ4MjM1LCJqdGkiOiI1MDY0ZWQ4OTAxNmI0MjNhOWViOTQyZGQ5Y2I4NzMxOSIsInVzZXJfaWQiOjF9.LcxQ0pwxEOAE6xNVbXsRSE_5EHJCJEiPRmDVwHdFsjM	2025-06-18 12:03:55.42459+00	2025-06-19 12:03:55+00	1	5064ed89016b423a9eb942dd9cb87319
27	eyJhbGciOiJIUzI1NiIsInR5cCI6IkpXVCJ9.eyJ0b2tlbl90eXBlIjoicmVmcmVzaCIsImV4cCI6MTc1MDMzNDY2NCwiaWF0IjoxNzUwMjQ4MjY0LCJqdGkiOiIwOTE1YjQ1ZGQ2NmI0ZGEyOTNlZjM3MWE1YzY4NTBmNSIsInVzZXJfaWQiOjF9.xOLbu6b-w4L2bFwfRLM-6r3A2iyq_gf8AUJ-T2XxNP8	2025-06-18 12:04:24.576856+00	2025-06-19 12:04:24+00	1	0915b45dd66b4da293ef371a5c6850f5
28	eyJhbGciOiJIUzI1NiIsInR5cCI6IkpXVCJ9.eyJ0b2tlbl90eXBlIjoicmVmcmVzaCIsImV4cCI6MTc1MDMzNDc5NCwiaWF0IjoxNzUwMjQ4Mzk0LCJqdGkiOiJmMzQwNDg4NTE2OTk0MGM1OWRjNmIyNzdlNzc2MzUwYSIsInVzZXJfaWQiOjF9.zTbNLgg1ILscjHkR7R0QyoRrAic4mU7IxWiQpKu6JZA	2025-06-18 12:06:34.273831+00	2025-06-19 12:06:34+00	1	f3404885169940c59dc6b277e776350a
29	eyJhbGciOiJIUzI1NiIsInR5cCI6IkpXVCJ9.eyJ0b2tlbl90eXBlIjoicmVmcmVzaCIsImV4cCI6MTc1MDMzNDg5MiwiaWF0IjoxNzUwMjQ4NDkyLCJqdGkiOiI1NzM4YjExYzNiNWQ0MDIyODZhZjljMTIxNTA2YWNkZCIsInVzZXJfaWQiOjF9.jRz0wHJyWI4JLVFUChmP9enIifDXZSaeNoNnOEDPJ6o	2025-06-18 12:08:12.919622+00	2025-06-19 12:08:12+00	1	5738b11c3b5d402286af9c121506acdd
30	eyJhbGciOiJIUzI1NiIsInR5cCI6IkpXVCJ9.eyJ0b2tlbl90eXBlIjoicmVmcmVzaCIsImV4cCI6MTc1MDMzNTAwMSwiaWF0IjoxNzUwMjQ4NjAxLCJqdGkiOiI0NzlkMTU2ZGNkYzg0MDBhODI4ZDM4NGMxMDlmMWZhNyIsInVzZXJfaWQiOjF9.B47CTJPTYGvhnTpsZBQZRtI3T-0Re00nf7VR2BRfCFE	2025-06-18 12:10:01.692318+00	2025-06-19 12:10:01+00	1	479d156dcdc8400a828d384c109f1fa7
31	eyJhbGciOiJIUzI1NiIsInR5cCI6IkpXVCJ9.eyJ0b2tlbl90eXBlIjoicmVmcmVzaCIsImV4cCI6MTc1MDMzNTI5NSwiaWF0IjoxNzUwMjQ4ODk1LCJqdGkiOiJiYTE1ZTFlYTAxOWM0MmFjOTFhMDlhOTQzZTA2ZDJiYiIsInVzZXJfaWQiOjF9.To__wgXYrJE4t5YBuqyMw8I1aaVZuSA1FaefNtfMikE	2025-06-18 12:14:55.264876+00	2025-06-19 12:14:55+00	1	ba15e1ea019c42ac91a09a943e06d2bb
32	eyJhbGciOiJIUzI1NiIsInR5cCI6IkpXVCJ9.eyJ0b2tlbl90eXBlIjoicmVmcmVzaCIsImV4cCI6MTc1MDM1MzU3MSwiaWF0IjoxNzUwMjY3MTcxLCJqdGkiOiIzNzNkNGQ2OGJiZTg0MWJjODgxOGQ3ODk2ZWQ2NGEwMSIsInVzZXJfaWQiOjF9.TXNF5DkzSaghdfFGt4_FS5hsU60focpV8E20yDjAeLg	2025-06-18 17:19:31.943914+00	2025-06-19 17:19:31+00	1	373d4d68bbe841bc8818d7896ed64a01
33	eyJhbGciOiJIUzI1NiIsInR5cCI6IkpXVCJ9.eyJ0b2tlbl90eXBlIjoicmVmcmVzaCIsImV4cCI6MTc1MDM1NDY5NCwiaWF0IjoxNzUwMjY4Mjk0LCJqdGkiOiI5MDg4N2I5OTQ5Nzc0MDhkYjBmNGY4ZTg0OGU1MjY5ZSIsInVzZXJfaWQiOjF9.sGT3jgZaAdjIcAI1ytKgJVrcYQ8UZXRXhHDX4wjMzvs	2025-06-18 17:38:14.927545+00	2025-06-19 17:38:14+00	1	90887b994977408db0f4f8e848e5269e
34	eyJhbGciOiJIUzI1NiIsInR5cCI6IkpXVCJ9.eyJ0b2tlbl90eXBlIjoicmVmcmVzaCIsImV4cCI6MTc1MDM1NDc5OCwiaWF0IjoxNzUwMjY4Mzk4LCJqdGkiOiJlYTBhYmQ2NzU2ZDk0OGMyOTQ2MWExYWYxODEzNTM4YSIsInVzZXJfaWQiOjF9.v5ItXz_lxgdYoH4pt1lvHgUWeG7H8zGcE06_vBBSDgI	2025-06-18 17:39:58.855775+00	2025-06-19 17:39:58+00	1	ea0abd6756d948c29461a1af1813538a
35	eyJhbGciOiJIUzI1NiIsInR5cCI6IkpXVCJ9.eyJ0b2tlbl90eXBlIjoicmVmcmVzaCIsImV4cCI6MTc1MDM1NDkzOSwiaWF0IjoxNzUwMjY4NTM5LCJqdGkiOiI1YTBjODI2ZjhhMmE0YjFkOTY2M2E4NGZiMWJlZDhiOSIsInVzZXJfaWQiOjF9.psTQK_wY0SXpHQWoX2lWZdm2BnX_KiNS0Ihrqy8UTGQ	2025-06-18 17:42:19.15289+00	2025-06-19 17:42:19+00	1	5a0c826f8a2a4b1d9663a84fb1bed8b9
36	eyJhbGciOiJIUzI1NiIsInR5cCI6IkpXVCJ9.eyJ0b2tlbl90eXBlIjoicmVmcmVzaCIsImV4cCI6MTc1MDM1NDk1NSwiaWF0IjoxNzUwMjY4NTU1LCJqdGkiOiI5ODVkNDQ3ZmZmZDU0ZDhkYTlmMTA0MjIyYzcyMGY5YiIsInVzZXJfaWQiOjF9.on3hJTz5Pf3_erTl45YdAB_0FkR_D1CuDyAgjuFH89M	2025-06-18 17:42:35.214978+00	2025-06-19 17:42:35+00	1	985d447fffd54d8da9f104222c720f9b
37	eyJhbGciOiJIUzI1NiIsInR5cCI6IkpXVCJ9.eyJ0b2tlbl90eXBlIjoicmVmcmVzaCIsImV4cCI6MTc1MDM1NTEyNSwiaWF0IjoxNzUwMjY4NzI1LCJqdGkiOiJjNDkyNmMwNjg2Mjk0NmVkYTQwYWVhNWVmYzMwZDEzYSIsInVzZXJfaWQiOjF9.OauxIam_etJMxpiRUhNm_TsBB8sIdb98TyL71EV14Fo	2025-06-18 17:45:25.409284+00	2025-06-19 17:45:25+00	1	c4926c06862946eda40aea5efc30d13a
38	eyJhbGciOiJIUzI1NiIsInR5cCI6IkpXVCJ9.eyJ0b2tlbl90eXBlIjoicmVmcmVzaCIsImV4cCI6MTc1MDM1NTE2OSwiaWF0IjoxNzUwMjY4NzY5LCJqdGkiOiI2MmQ5ZTA1YmI4MTI0YjhhODRkYTM0NTg5ZjFkNDhjOCIsInVzZXJfaWQiOjF9.mnbhWNOinFPujCTS4kaCMmYtTEdm-ekpXtq0HiNRRg8	2025-06-18 17:46:09.975604+00	2025-06-19 17:46:09+00	1	62d9e05bb8124b8a84da34589f1d48c8
39	eyJhbGciOiJIUzI1NiIsInR5cCI6IkpXVCJ9.eyJ0b2tlbl90eXBlIjoicmVmcmVzaCIsImV4cCI6MTc1MDM1NTQ3NywiaWF0IjoxNzUwMjY5MDc3LCJqdGkiOiJlM2FmODUxMDc0N2Q0OTdiOWIyZDUwYmIxYmE4M2ViZiIsInVzZXJfaWQiOjF9.QGAhN68iM-hKEpdIW114eNIYbFA2TpvnhsqTa_MxM6o	2025-06-18 17:51:17.595181+00	2025-06-19 17:51:17+00	1	e3af8510747d497b9b2d50bb1ba83ebf
40	eyJhbGciOiJIUzI1NiIsInR5cCI6IkpXVCJ9.eyJ0b2tlbl90eXBlIjoicmVmcmVzaCIsImV4cCI6MTc1MDM1NTUzOCwiaWF0IjoxNzUwMjY5MTM4LCJqdGkiOiI3MzFkY2RmNGI1MzE0MDBjOGEzYWIxYWQzYzJmZDY2MyIsInVzZXJfaWQiOjF9.s3EoNvkOYWWkrHUOjn9JVYSzrYAGUIb1TFahqMJ9gYc	2025-06-18 17:52:18.250489+00	2025-06-19 17:52:18+00	1	731dcdf4b531400c8a3ab1ad3c2fd663
41	eyJhbGciOiJIUzI1NiIsInR5cCI6IkpXVCJ9.eyJ0b2tlbl90eXBlIjoicmVmcmVzaCIsImV4cCI6MTc1MDM1NTg5MywiaWF0IjoxNzUwMjY5NDkzLCJqdGkiOiJhOTMxZWM2Mzg0ZjM0ZTkxODM1ZWI3ZWVmZjE1OTNmOCIsInVzZXJfaWQiOjF9.H4TB0XG6BLGFx0fT9P1LwEq5AP2wXHZIL1eTgo7732A	2025-06-18 17:58:13.837342+00	2025-06-19 17:58:13+00	1	a931ec6384f34e91835eb7eeff1593f8
42	eyJhbGciOiJIUzI1NiIsInR5cCI6IkpXVCJ9.eyJ0b2tlbl90eXBlIjoicmVmcmVzaCIsImV4cCI6MTc1MDM1NTkyMCwiaWF0IjoxNzUwMjY5NTIwLCJqdGkiOiI2NzJhMmVmMzcyZTU0MTIyODk3N2IwOGU1NTYwZjE4OCIsInVzZXJfaWQiOjF9.Z4KAkEpj0KQR_qx9fHY4vuBQ6Wg_xKRspgnCtQutQdQ	2025-06-18 17:58:40.084338+00	2025-06-19 17:58:40+00	1	672a2ef372e541228977b08e5560f188
43	eyJhbGciOiJIUzI1NiIsInR5cCI6IkpXVCJ9.eyJ0b2tlbl90eXBlIjoicmVmcmVzaCIsImV4cCI6MTc1MDM1NTkzNywiaWF0IjoxNzUwMjY5NTM3LCJqdGkiOiI1ZTcwYzdmNmZkNzc0NzA3OTdkNDViMzlhMzI3OTZhMyIsInVzZXJfaWQiOjF9.xJBIcA9ZkdrmXQL28aae5Ju-kbe-yRFHcd8Qv2OLliQ	2025-06-18 17:58:57.606958+00	2025-06-19 17:58:57+00	1	5e70c7f6fd77470797d45b39a32796a3
44	eyJhbGciOiJIUzI1NiIsInR5cCI6IkpXVCJ9.eyJ0b2tlbl90eXBlIjoicmVmcmVzaCIsImV4cCI6MTc1MDM1NTk1NSwiaWF0IjoxNzUwMjY5NTU1LCJqdGkiOiI3YzFjOWI2ZjBkNGI0MmU1YmRmZTMzN2EwNWI0MzdiYSIsInVzZXJfaWQiOjF9.F_orQmO4KxrG-ryOa1PI0ADahYhCzS34_ulpnRuFIiY	2025-06-18 17:59:15.263163+00	2025-06-19 17:59:15+00	1	7c1c9b6f0d4b42e5bdfe337a05b437ba
45	eyJhbGciOiJIUzI1NiIsInR5cCI6IkpXVCJ9.eyJ0b2tlbl90eXBlIjoicmVmcmVzaCIsImV4cCI6MTc1MDM1NTk3NSwiaWF0IjoxNzUwMjY5NTc1LCJqdGkiOiJkNzRiMTIwNWQ5YTQ0ZTBhYjUwMGE2ZjZmMjBhZTZlMiIsInVzZXJfaWQiOjF9.IX9J3rqnZtUViWW6NZL_kmQc_tJLr006J04JXaeWA3M	2025-06-18 17:59:35.271098+00	2025-06-19 17:59:35+00	1	d74b1205d9a44e0ab500a6f6f20ae6e2
46	eyJhbGciOiJIUzI1NiIsInR5cCI6IkpXVCJ9.eyJ0b2tlbl90eXBlIjoicmVmcmVzaCIsImV4cCI6MTc1MDM1NjAwMSwiaWF0IjoxNzUwMjY5NjAxLCJqdGkiOiI5MDE2N2EyYTg2OTk0OTM2OTVkOWUyOWQzM2FmYWEzYyIsInVzZXJfaWQiOjF9.DUdyKU8asjfpda6KRcICw5oSp1a5Zs6pJ1kxj5N9r3I	2025-06-18 18:00:01.161281+00	2025-06-19 18:00:01+00	1	90167a2a8699493695d9e29d33afaa3c
47	eyJhbGciOiJIUzI1NiIsInR5cCI6IkpXVCJ9.eyJ0b2tlbl90eXBlIjoicmVmcmVzaCIsImV4cCI6MTc1MDM1NjA0OCwiaWF0IjoxNzUwMjY5NjQ4LCJqdGkiOiJkOTBhNDc0OGNlYzc0MjNmYTQzOWVhYjAzZmM4NTdhNyIsInVzZXJfaWQiOjF9.eNSxCvwr4nqcIv56dZ4SFDRztBi7GJlKNO5nRpH56D4	2025-06-18 18:00:48.511776+00	2025-06-19 18:00:48+00	1	d90a4748cec7423fa439eab03fc857a7
48	eyJhbGciOiJIUzI1NiIsInR5cCI6IkpXVCJ9.eyJ0b2tlbl90eXBlIjoicmVmcmVzaCIsImV4cCI6MTc1MDM1NjExOCwiaWF0IjoxNzUwMjY5NzE4LCJqdGkiOiI1ZTgxOGY5ZTBhZjk0OWY1YmQ3MjMzY2UwY2ZjYjVhMCIsInVzZXJfaWQiOjF9.Hjx41O43ZxAYurhxoymJA5X0ZwGSHIAU7pcl91JK8HE	2025-06-18 18:01:58.473551+00	2025-06-19 18:01:58+00	1	5e818f9e0af949f5bd7233ce0cfcb5a0
49	eyJhbGciOiJIUzI1NiIsInR5cCI6IkpXVCJ9.eyJ0b2tlbl90eXBlIjoicmVmcmVzaCIsImV4cCI6MTc1MDM1NjE5NSwiaWF0IjoxNzUwMjY5Nzk1LCJqdGkiOiIxZDM1MmQyMmY0YWY0OWE3OGVlMzFmMzQ2YzRmZGRlYiIsInVzZXJfaWQiOjF9.M93zeOI1aeN-bjjBnI2yhGDyebYnqLDqDIxRK2AUgAA	2025-06-18 18:03:15.448553+00	2025-06-19 18:03:15+00	1	1d352d22f4af49a78ee31f346c4fddeb
50	eyJhbGciOiJIUzI1NiIsInR5cCI6IkpXVCJ9.eyJ0b2tlbl90eXBlIjoicmVmcmVzaCIsImV4cCI6MTc1MDM1NjIxMSwiaWF0IjoxNzUwMjY5ODExLCJqdGkiOiI1NzI2ZDVhMmNkMjE0MGY2YTgwZTdmY2ZkODc1NWI3ZSIsInVzZXJfaWQiOjF9.6LhT03Y8rxila4qaviQg1F09sKPzVTEvtVxMC-vwCos	2025-06-18 18:03:31.267203+00	2025-06-19 18:03:31+00	1	5726d5a2cd2140f6a80e7fcfd8755b7e
51	eyJhbGciOiJIUzI1NiIsInR5cCI6IkpXVCJ9.eyJ0b2tlbl90eXBlIjoicmVmcmVzaCIsImV4cCI6MTc1MDM1NjIyOSwiaWF0IjoxNzUwMjY5ODI5LCJqdGkiOiIwMGEzZmI3Y2FiNzY0YTM2YWE2NWNmZTQ5NjYwNzBmYSIsInVzZXJfaWQiOjF9.rYqkfqtZ_iLacIA6PTIW3LHXaslGxqFk5DRvKPpN1Es	2025-06-18 18:03:49.561537+00	2025-06-19 18:03:49+00	1	00a3fb7cab764a36aa65cfe4966070fa
52	eyJhbGciOiJIUzI1NiIsInR5cCI6IkpXVCJ9.eyJ0b2tlbl90eXBlIjoicmVmcmVzaCIsImV4cCI6MTc1MDM1NjY3OSwiaWF0IjoxNzUwMjcwMjc5LCJqdGkiOiI0YzRkNGUwMmJjZmM0ZTM1OTFiY2JmYjUzNTA2NjdmNCIsInVzZXJfaWQiOjF9.TxLEcTZp0iwMPI9T618isgLkk1rWAPzMzZDvFze8tPQ	2025-06-18 18:11:19.883375+00	2025-06-19 18:11:19+00	1	4c4d4e02bcfc4e3591bcbfb5350667f4
53	eyJhbGciOiJIUzI1NiIsInR5cCI6IkpXVCJ9.eyJ0b2tlbl90eXBlIjoicmVmcmVzaCIsImV4cCI6MTc1MDM1NjgxMSwiaWF0IjoxNzUwMjcwNDExLCJqdGkiOiJmODhjYWIzMjA2Y2M0YTE0YjE4YjA5OGYzNTFiYTU0NiIsInVzZXJfaWQiOjF9.J9qMAomR2sc7M66DvTuJLNsj1w8Wd5P36pOztAPdZ2Y	2025-06-18 18:13:31.412449+00	2025-06-19 18:13:31+00	1	f88cab3206cc4a14b18b098f351ba546
54	eyJhbGciOiJIUzI1NiIsInR5cCI6IkpXVCJ9.eyJ0b2tlbl90eXBlIjoicmVmcmVzaCIsImV4cCI6MTc1MDM5MDQwNSwiaWF0IjoxNzUwMzA0MDA1LCJqdGkiOiI2ODA4ZmI4MGFkY2Q0OTk2YTU0OGIwOTkxY2ZiMmQ1OSIsInVzZXJfaWQiOjF9.vkUYEJi_i88dzIg-lso2CrcdrtsR5eSM208H2Lgs39M	2025-06-19 03:33:25.959542+00	2025-06-20 03:33:25+00	1	6808fb80adcd4996a548b0991cfb2d59
55	eyJhbGciOiJIUzI1NiIsInR5cCI6IkpXVCJ9.eyJ0b2tlbl90eXBlIjoicmVmcmVzaCIsImV4cCI6MTc1MDM5MDY5NiwiaWF0IjoxNzUwMzA0Mjk2LCJqdGkiOiJiZGZhNzljODViZDg0Y2MwYmYzMzEyOTE3NzY1OTRmZCIsInVzZXJfaWQiOjEyfQ.eQYSLtTWKsyA-9IiCiLalVQQ3PaXWw1jfLLBDTm4hng	2025-06-19 03:38:16.832131+00	2025-06-20 03:38:16+00	12	bdfa79c85bd84cc0bf331291776594fd
56	eyJhbGciOiJIUzI1NiIsInR5cCI6IkpXVCJ9.eyJ0b2tlbl90eXBlIjoicmVmcmVzaCIsImV4cCI6MTc1MDM5MTUwOSwiaWF0IjoxNzUwMzA1MTA5LCJqdGkiOiIyMjUwYjI3MjUwMmE0YzA0OTIwYjk0MmFiYzg2NzA2MCIsInVzZXJfaWQiOjE2fQ.qxssDQUenMAVhKsK0QcGcp0p2gmWZKKxSeEWUrYui0I	2025-06-19 03:51:49.180954+00	2025-06-20 03:51:49+00	16	2250b272502a4c04920b942abc867060
57	eyJhbGciOiJIUzI1NiIsInR5cCI6IkpXVCJ9.eyJ0b2tlbl90eXBlIjoicmVmcmVzaCIsImV4cCI6MTc1MDQ5MDU1NCwiaWF0IjoxNzUwNDA0MTU0LCJqdGkiOiJiNmViZjg2NDRlYjI0NWUzOWUyYThhNTc5MmZmZTI3MCIsInVzZXJfaWQiOjE2fQ.9GZpcuV9EtH4tiDWzfj5NIPp-fuVuywg8rXv3QZabHQ	2025-06-20 07:22:34.884741+00	2025-06-21 07:22:34+00	16	b6ebf8644eb245e39e2a8a5792ffe270
58	eyJhbGciOiJIUzI1NiIsInR5cCI6IkpXVCJ9.eyJ0b2tlbl90eXBlIjoicmVmcmVzaCIsImV4cCI6MTc1MDQ5NDk2MSwiaWF0IjoxNzUwNDA4NTYxLCJqdGkiOiJlNjAzMWM5MjNjNzg0ZmViYWZmZWUyZjkyZjM1ZWFjMCIsInVzZXJfaWQiOjF9.UAJI1WEJn7R99yg_n-UcqGWDF1qI0X_qzlL-M60DpyA	2025-06-20 08:36:01.177854+00	2025-06-21 08:36:01+00	1	e6031c923c784febaffee2f92f35eac0
59	eyJhbGciOiJIUzI1NiIsInR5cCI6IkpXVCJ9.eyJ0b2tlbl90eXBlIjoicmVmcmVzaCIsImV4cCI6MTc1MDQ5NDk4NywiaWF0IjoxNzUwNDA4NTg3LCJqdGkiOiIwYzViOGRmZWM1OWM0MTNkODQzNjU1MGFjNGU3Y2Y4MSIsInVzZXJfaWQiOjF9.YyMedUQ7o0Wmc0M5o1kRSoY5AfyNTOV3mx1fy6i6kBw	2025-06-20 08:36:27.836995+00	2025-06-21 08:36:27+00	1	0c5b8dfec59c413d8436550ac4e7cf81
60	eyJhbGciOiJIUzI1NiIsInR5cCI6IkpXVCJ9.eyJ0b2tlbl90eXBlIjoicmVmcmVzaCIsImV4cCI6MTc1MDQ5NTY5MiwiaWF0IjoxNzUwNDA5MjkyLCJqdGkiOiI5NzU4ZWM4ZTY3Mzg0YjgxYTRiOWU0ZDE1NDU2YzQ5YyIsInVzZXJfaWQiOjF9.98I_-M2gOQIj2TEYLiiddfMkQWSb9A87Sjkj0zZ-6bM	2025-06-20 08:48:12.144881+00	2025-06-21 08:48:12+00	1	9758ec8e67384b81a4b9e4d15456c49c
61	eyJhbGciOiJIUzI1NiIsInR5cCI6IkpXVCJ9.eyJ0b2tlbl90eXBlIjoicmVmcmVzaCIsImV4cCI6MTc1MDQ5NjM1OSwiaWF0IjoxNzUwNDA5OTU5LCJqdGkiOiI0MDk2YTczYTJiY2M0MDUwODdiYTdjZDBkZDk2YzAzMyIsInVzZXJfaWQiOjF9.lVOOjCg_7ojytko0d0Yv_jIG8H4zBl3YL7J2AM2D9SI	2025-06-20 08:59:19.203507+00	2025-06-21 08:59:19+00	1	4096a73a2bcc405087ba7cd0dd96c033
62	eyJhbGciOiJIUzI1NiIsInR5cCI6IkpXVCJ9.eyJ0b2tlbl90eXBlIjoicmVmcmVzaCIsImV4cCI6MTc1MDQ5Njk1MiwiaWF0IjoxNzUwNDEwNTUyLCJqdGkiOiI0NjkzMGYyM2FhNTI0NjhiOWJmY2UyZGYyZDI4ZDU5MSIsInVzZXJfaWQiOjF9.BoR4FbeVO2XkKXF9awzyeEPy68JjZVggj0-_gRYwhw4	2025-06-20 09:09:12.095074+00	2025-06-21 09:09:12+00	1	46930f23aa52468b9bfce2df2d28d591
63	eyJhbGciOiJIUzI1NiIsInR5cCI6IkpXVCJ9.eyJ0b2tlbl90eXBlIjoicmVmcmVzaCIsImV4cCI6MTc1MDQ5Njk2OCwiaWF0IjoxNzUwNDEwNTY4LCJqdGkiOiJiZTMyZjY1MTg1YTI0ZTcyODRkMGI0ZjNmMmY2M2VhZiIsInVzZXJfaWQiOjE2fQ.jD-bHM0sOkGm-8FCGmcnjSlgSyMjxGA0EtjXxmFPAas	2025-06-20 09:09:28.192584+00	2025-06-21 09:09:28+00	16	be32f65185a24e7284d0b4f3f2f63eaf
64	eyJhbGciOiJIUzI1NiIsInR5cCI6IkpXVCJ9.eyJ0b2tlbl90eXBlIjoicmVmcmVzaCIsImV4cCI6MTc1MDQ5NzQyOSwiaWF0IjoxNzUwNDExMDI5LCJqdGkiOiJhZDFmNzkyY2JkMWE0YjQ3OTdiMWY5ODRmOTg1MzBiNSIsInVzZXJfaWQiOjF9.XU50uI58Ea_L0j-zp8nRRiFFGGZeHwKUxpIx3N6qCbU	2025-06-20 09:17:09.562352+00	2025-06-21 09:17:09+00	1	ad1f792cbd1a4b4797b1f984f98530b5
65	eyJhbGciOiJIUzI1NiIsInR5cCI6IkpXVCJ9.eyJ0b2tlbl90eXBlIjoicmVmcmVzaCIsImV4cCI6MTc1MDQ5NzgxOSwiaWF0IjoxNzUwNDExNDE5LCJqdGkiOiIwZDM1MTRmOTE5Mjc0MTJhOGI2YmEyOWRmYjU3OGFiZCIsInVzZXJfaWQiOjF9.7YrZDM9tD7MF9PkZQTTIgCSbxNJHU4bcExgphftrzJA	2025-06-20 09:23:39.810635+00	2025-06-21 09:23:39+00	1	0d3514f91927412a8b6ba29dfb578abd
66	eyJhbGciOiJIUzI1NiIsInR5cCI6IkpXVCJ9.eyJ0b2tlbl90eXBlIjoicmVmcmVzaCIsImV4cCI6MTc1MDQ5Nzg3NiwiaWF0IjoxNzUwNDExNDc2LCJqdGkiOiI4Y2M4YWVmNjI0YmM0OTQ5OWU4ZGU0NmNmMTcyMzYwMCIsInVzZXJfaWQiOjE2fQ.Da3bE88gi0iHEgyVAKUJazEHfAKU7iyY4hH99ypwOXI	2025-06-20 09:24:36.650016+00	2025-06-21 09:24:36+00	16	8cc8aef624bc49499e8de46cf1723600
67	eyJhbGciOiJIUzI1NiIsInR5cCI6IkpXVCJ9.eyJ0b2tlbl90eXBlIjoicmVmcmVzaCIsImV4cCI6MTc1MDQ5ODg5MiwiaWF0IjoxNzUwNDEyNDkyLCJqdGkiOiIzZmQ1NDg5MTFkZTY0NzlhODdkZDM5YWMyMTA0MTJiYyIsInVzZXJfaWQiOjd9.viGcmjndPlC_8JahA0zI-_wv7htyQvEbWVgwj1TKMCs	2025-06-20 09:41:32.677982+00	2025-06-21 09:41:32+00	7	3fd548911de6479a87dd39ac210412bc
68	eyJhbGciOiJIUzI1NiIsInR5cCI6IkpXVCJ9.eyJ0b2tlbl90eXBlIjoicmVmcmVzaCIsImV4cCI6MTc1MDQ5OTI1OSwiaWF0IjoxNzUwNDEyODU5LCJqdGkiOiIzNTMzOWJjYWJiNTQ0ZmVmYWNjOGY4YWY3MDE2ZTg3ZiIsInVzZXJfaWQiOjd9.qwuMDaI9XYsDZ6Oj6EDj1WNxo4cb3Km_10pohLzVViI	2025-06-20 09:47:39.036356+00	2025-06-21 09:47:39+00	7	35339bcabb544fefacc8f8af7016e87f
69	eyJhbGciOiJIUzI1NiIsInR5cCI6IkpXVCJ9.eyJ0b2tlbl90eXBlIjoicmVmcmVzaCIsImV4cCI6MTc1MDQ5OTgyNSwiaWF0IjoxNzUwNDEzNDI1LCJqdGkiOiJhNGMwYzI3OTg0Y2Y0NmVkODEyYTRjOWNjYTQ5YmI3OSIsInVzZXJfaWQiOjd9.aw_H4OqtAMYfC-83eM13ecL4rvHMkGVA8UMUOG-q0vc	2025-06-20 09:57:05.795058+00	2025-06-21 09:57:05+00	7	a4c0c27984cf46ed812a4c9cca49bb79
70	eyJhbGciOiJIUzI1NiIsInR5cCI6IkpXVCJ9.eyJ0b2tlbl90eXBlIjoicmVmcmVzaCIsImV4cCI6MTc1MDQ5OTk1MCwiaWF0IjoxNzUwNDEzNTUwLCJqdGkiOiI5MmYzOWZiNjgyNTI0ZjQxOGJlYWM4ODBlMTU3ZWI3YyIsInVzZXJfaWQiOjF9.hCkY3R8_cjplzbK4nVzB7ay2tCgaAN7PKqML0rGcUX4	2025-06-20 09:59:10.062277+00	2025-06-21 09:59:10+00	1	92f39fb682524f418beac880e157eb7c
71	eyJhbGciOiJIUzI1NiIsInR5cCI6IkpXVCJ9.eyJ0b2tlbl90eXBlIjoicmVmcmVzaCIsImV4cCI6MTc1MDUwMDA5MywiaWF0IjoxNzUwNDEzNjkzLCJqdGkiOiI5MjY0MDAyYjg2ZWE0ZTE2ODkxOGFhYzJlYzg3NWEyMSIsInVzZXJfaWQiOjE2fQ.fwwom90uUp9VC7uTgbCRmHBdUJKFsDqBZY1kA5V2GlI	2025-06-20 10:01:33.034829+00	2025-06-21 10:01:33+00	16	9264002b86ea4e168918aac2ec875a21
72	eyJhbGciOiJIUzI1NiIsInR5cCI6IkpXVCJ9.eyJ0b2tlbl90eXBlIjoicmVmcmVzaCIsImV4cCI6MTc1MDUwMDY4NywiaWF0IjoxNzUwNDE0Mjg3LCJqdGkiOiI3OGNlODEyMTE4Mjg0ODhhOWM2Yjk2YTM0M2FjNTMxZSIsInVzZXJfaWQiOjE2fQ.MpeEXyX0-fid6pZJuwSLvVScAM_5nVLsFqyKzr6MYgM	2025-06-20 10:11:27.333706+00	2025-06-21 10:11:27+00	16	78ce81211828488a9c6b96a343ac531e
73	eyJhbGciOiJIUzI1NiIsInR5cCI6IkpXVCJ9.eyJ0b2tlbl90eXBlIjoicmVmcmVzaCIsImV4cCI6MTc1MDUwMDgzMywiaWF0IjoxNzUwNDE0NDMzLCJqdGkiOiJiYThmNGM3ZTE0ODI0YzQyYjVjN2FlODg1Nzc1YjI3ZSIsInVzZXJfaWQiOjF9.JcthuHlE0MCsVY9NMxtfPmPFOnAdm7Vo_PjZXIeUr4I	2025-06-20 10:13:53.050721+00	2025-06-21 10:13:53+00	1	ba8f4c7e14824c42b5c7ae885775b27e
74	eyJhbGciOiJIUzI1NiIsInR5cCI6IkpXVCJ9.eyJ0b2tlbl90eXBlIjoicmVmcmVzaCIsImV4cCI6MTc1MDUxNjgyNiwiaWF0IjoxNzUwNDMwNDI2LCJqdGkiOiIwN2Q1NTljNjk2M2I0NTk2OGI5ZmI3M2YzNDIyNDk1MiIsInVzZXJfaWQiOjE2fQ.TMUzNjNpyRGvr_V9B3DKaYAexkjRbReqkrkLyQv1-50	2025-06-20 14:40:26.31049+00	2025-06-21 14:40:26+00	16	07d559c6963b45968b9fb73f34224952
75	eyJhbGciOiJIUzI1NiIsInR5cCI6IkpXVCJ9.eyJ0b2tlbl90eXBlIjoicmVmcmVzaCIsImV4cCI6MTc1MDUxNjg0NSwiaWF0IjoxNzUwNDMwNDQ1LCJqdGkiOiIwNTJlZWE3MzRkMjk0YTdhOGU4MjhjMjI1MWE2ODUxOCIsInVzZXJfaWQiOjF9.O-acjGUpYxDQu47n5nmT3sl_zpzkirXHgsL4ih_tZ5U	2025-06-20 14:40:45.518848+00	2025-06-21 14:40:45+00	1	052eea734d294a7a8e828c2251a68518
76	eyJhbGciOiJIUzI1NiIsInR5cCI6IkpXVCJ9.eyJ0b2tlbl90eXBlIjoicmVmcmVzaCIsImV4cCI6MTc1MDUzMDE3OCwiaWF0IjoxNzUwNDQzNzc4LCJqdGkiOiI2ODZjMTdhZjJlZDc0ODU4ODk5NGViY2QxMWIyYzU3NyIsInVzZXJfaWQiOjF9.YWyf23vCTh-I7Xsmnq970aIuHZK_ib8J7hBOC4wYJTo	2025-06-20 18:22:58.138427+00	2025-06-21 18:22:58+00	1	686c17af2ed748588994ebcd11b2c577
77	eyJhbGciOiJIUzI1NiIsInR5cCI6IkpXVCJ9.eyJ0b2tlbl90eXBlIjoicmVmcmVzaCIsImV4cCI6MTc1MDUzMzExNCwiaWF0IjoxNzUwNDQ2NzE0LCJqdGkiOiIzMDE2MWM3NjM4YTU0ZmRiYjhjODhjZGJlYzI1ODU2OCIsInVzZXJfaWQiOjE2fQ.uAzBk2AiH2BYPs4ZKP0v4W8s3EBJ-6g8cDseaQDaExY	2025-06-20 19:11:54.694452+00	2025-06-21 19:11:54+00	16	30161c7638a54fdbb8c88cdbec258568
\.


--
-- Name: auth_group_id_seq; Type: SEQUENCE SET; Schema: public; Owner: postgres
--

SELECT pg_catalog.setval('public.auth_group_id_seq', 1, false);


--
-- Name: auth_group_permissions_id_seq; Type: SEQUENCE SET; Schema: public; Owner: postgres
--

SELECT pg_catalog.setval('public.auth_group_permissions_id_seq', 1, false);


--
-- Name: auth_permission_id_seq; Type: SEQUENCE SET; Schema: public; Owner: postgres
--

SELECT pg_catalog.setval('public.auth_permission_id_seq', 76, true);


--
-- Name: auth_user_groups_id_seq; Type: SEQUENCE SET; Schema: public; Owner: postgres
--

SELECT pg_catalog.setval('public.auth_user_groups_id_seq', 1, false);


--
-- Name: auth_user_id_seq; Type: SEQUENCE SET; Schema: public; Owner: postgres
--

SELECT pg_catalog.setval('public.auth_user_id_seq', 16, true);


--
-- Name: auth_user_user_permissions_id_seq; Type: SEQUENCE SET; Schema: public; Owner: postgres
--

SELECT pg_catalog.setval('public.auth_user_user_permissions_id_seq', 1, false);


--
-- Name: django_admin_log_id_seq; Type: SEQUENCE SET; Schema: public; Owner: postgres
--

SELECT pg_catalog.setval('public.django_admin_log_id_seq', 127, true);


--
-- Name: django_content_type_id_seq; Type: SEQUENCE SET; Schema: public; Owner: postgres
--

SELECT pg_catalog.setval('public.django_content_type_id_seq', 19, true);


--
-- Name: django_migrations_id_seq; Type: SEQUENCE SET; Schema: public; Owner: postgres
--

SELECT pg_catalog.setval('public.django_migrations_id_seq', 47, true);


--
-- Name: main_customer_id_seq; Type: SEQUENCE SET; Schema: public; Owner: postgres
--

SELECT pg_catalog.setval('public.main_customer_id_seq', 10, true);


--
-- Name: main_customeraddress_id_seq; Type: SEQUENCE SET; Schema: public; Owner: postgres
--

SELECT pg_catalog.setval('public.main_customeraddress_id_seq', 6, true);


--
-- Name: main_order_id_seq; Type: SEQUENCE SET; Schema: public; Owner: postgres
--

SELECT pg_catalog.setval('public.main_order_id_seq', 58, true);


--
-- Name: main_orderitem_id_seq; Type: SEQUENCE SET; Schema: public; Owner: postgres
--

SELECT pg_catalog.setval('public.main_orderitem_id_seq', 14, true);


--
-- Name: main_product_id_seq; Type: SEQUENCE SET; Schema: public; Owner: postgres
--

SELECT pg_catalog.setval('public.main_product_id_seq', 8, true);


--
-- Name: main_productcategory_id_seq; Type: SEQUENCE SET; Schema: public; Owner: postgres
--

SELECT pg_catalog.setval('public.main_productcategory_id_seq', 3, true);


--
-- Name: main_productimage_id_seq; Type: SEQUENCE SET; Schema: public; Owner: postgres
--

SELECT pg_catalog.setval('public.main_productimage_id_seq', 13, true);


--
-- Name: main_productrating_id_seq; Type: SEQUENCE SET; Schema: public; Owner: postgres
--

SELECT pg_catalog.setval('public.main_productrating_id_seq', 1, true);


--
-- Name: main_vendor_id_seq; Type: SEQUENCE SET; Schema: public; Owner: postgres
--

SELECT pg_catalog.setval('public.main_vendor_id_seq', 13, true);


--
-- Name: token_blacklist_blacklistedtoken_id_seq; Type: SEQUENCE SET; Schema: public; Owner: postgres
--

SELECT pg_catalog.setval('public.token_blacklist_blacklistedtoken_id_seq', 1, false);


--
-- Name: token_blacklist_outstandingtoken_id_seq; Type: SEQUENCE SET; Schema: public; Owner: postgres
--

SELECT pg_catalog.setval('public.token_blacklist_outstandingtoken_id_seq', 77, true);


--
-- Name: auth_group auth_group_name_key; Type: CONSTRAINT; Schema: public; Owner: postgres
--

ALTER TABLE ONLY public.auth_group
    ADD CONSTRAINT auth_group_name_key UNIQUE (name);


--
-- Name: auth_group_permissions auth_group_permissions_group_id_permission_id_0cd325b0_uniq; Type: CONSTRAINT; Schema: public; Owner: postgres
--

ALTER TABLE ONLY public.auth_group_permissions
    ADD CONSTRAINT auth_group_permissions_group_id_permission_id_0cd325b0_uniq UNIQUE (group_id, permission_id);


--
-- Name: auth_group_permissions auth_group_permissions_pkey; Type: CONSTRAINT; Schema: public; Owner: postgres
--

ALTER TABLE ONLY public.auth_group_permissions
    ADD CONSTRAINT auth_group_permissions_pkey PRIMARY KEY (id);


--
-- Name: auth_group auth_group_pkey; Type: CONSTRAINT; Schema: public; Owner: postgres
--

ALTER TABLE ONLY public.auth_group
    ADD CONSTRAINT auth_group_pkey PRIMARY KEY (id);


--
-- Name: auth_permission auth_permission_content_type_id_codename_01ab375a_uniq; Type: CONSTRAINT; Schema: public; Owner: postgres
--

ALTER TABLE ONLY public.auth_permission
    ADD CONSTRAINT auth_permission_content_type_id_codename_01ab375a_uniq UNIQUE (content_type_id, codename);


--
-- Name: auth_permission auth_permission_pkey; Type: CONSTRAINT; Schema: public; Owner: postgres
--

ALTER TABLE ONLY public.auth_permission
    ADD CONSTRAINT auth_permission_pkey PRIMARY KEY (id);


--
-- Name: auth_user_groups auth_user_groups_pkey; Type: CONSTRAINT; Schema: public; Owner: postgres
--

ALTER TABLE ONLY public.auth_user_groups
    ADD CONSTRAINT auth_user_groups_pkey PRIMARY KEY (id);


--
-- Name: auth_user_groups auth_user_groups_user_id_group_id_94350c0c_uniq; Type: CONSTRAINT; Schema: public; Owner: postgres
--

ALTER TABLE ONLY public.auth_user_groups
    ADD CONSTRAINT auth_user_groups_user_id_group_id_94350c0c_uniq UNIQUE (user_id, group_id);


--
-- Name: auth_user auth_user_pkey; Type: CONSTRAINT; Schema: public; Owner: postgres
--

ALTER TABLE ONLY public.auth_user
    ADD CONSTRAINT auth_user_pkey PRIMARY KEY (id);


--
-- Name: auth_user_user_permissions auth_user_user_permissions_pkey; Type: CONSTRAINT; Schema: public; Owner: postgres
--

ALTER TABLE ONLY public.auth_user_user_permissions
    ADD CONSTRAINT auth_user_user_permissions_pkey PRIMARY KEY (id);


--
-- Name: auth_user_user_permissions auth_user_user_permissions_user_id_permission_id_14a6b632_uniq; Type: CONSTRAINT; Schema: public; Owner: postgres
--

ALTER TABLE ONLY public.auth_user_user_permissions
    ADD CONSTRAINT auth_user_user_permissions_user_id_permission_id_14a6b632_uniq UNIQUE (user_id, permission_id);


--
-- Name: auth_user auth_user_username_key; Type: CONSTRAINT; Schema: public; Owner: postgres
--

ALTER TABLE ONLY public.auth_user
    ADD CONSTRAINT auth_user_username_key UNIQUE (username);


--
-- Name: authtoken_token authtoken_token_pkey; Type: CONSTRAINT; Schema: public; Owner: postgres
--

ALTER TABLE ONLY public.authtoken_token
    ADD CONSTRAINT authtoken_token_pkey PRIMARY KEY (key);


--
-- Name: authtoken_token authtoken_token_user_id_key; Type: CONSTRAINT; Schema: public; Owner: postgres
--

ALTER TABLE ONLY public.authtoken_token
    ADD CONSTRAINT authtoken_token_user_id_key UNIQUE (user_id);


--
-- Name: django_admin_log django_admin_log_pkey; Type: CONSTRAINT; Schema: public; Owner: postgres
--

ALTER TABLE ONLY public.django_admin_log
    ADD CONSTRAINT django_admin_log_pkey PRIMARY KEY (id);


--
-- Name: django_content_type django_content_type_app_label_model_76bd3d3b_uniq; Type: CONSTRAINT; Schema: public; Owner: postgres
--

ALTER TABLE ONLY public.django_content_type
    ADD CONSTRAINT django_content_type_app_label_model_76bd3d3b_uniq UNIQUE (app_label, model);


--
-- Name: django_content_type django_content_type_pkey; Type: CONSTRAINT; Schema: public; Owner: postgres
--

ALTER TABLE ONLY public.django_content_type
    ADD CONSTRAINT django_content_type_pkey PRIMARY KEY (id);


--
-- Name: django_migrations django_migrations_pkey; Type: CONSTRAINT; Schema: public; Owner: postgres
--

ALTER TABLE ONLY public.django_migrations
    ADD CONSTRAINT django_migrations_pkey PRIMARY KEY (id);


--
-- Name: django_session django_session_pkey; Type: CONSTRAINT; Schema: public; Owner: postgres
--

ALTER TABLE ONLY public.django_session
    ADD CONSTRAINT django_session_pkey PRIMARY KEY (session_key);


--
-- Name: main_customer main_customer_pkey; Type: CONSTRAINT; Schema: public; Owner: postgres
--

ALTER TABLE ONLY public.main_customer
    ADD CONSTRAINT main_customer_pkey PRIMARY KEY (id);


--
-- Name: main_customeraddress main_customeraddress_pkey; Type: CONSTRAINT; Schema: public; Owner: postgres
--

ALTER TABLE ONLY public.main_customeraddress
    ADD CONSTRAINT main_customeraddress_pkey PRIMARY KEY (id);


--
-- Name: main_order main_order_pkey; Type: CONSTRAINT; Schema: public; Owner: postgres
--

ALTER TABLE ONLY public.main_order
    ADD CONSTRAINT main_order_pkey PRIMARY KEY (id);


--
-- Name: main_orderitem main_orderitem_pkey; Type: CONSTRAINT; Schema: public; Owner: postgres
--

ALTER TABLE ONLY public.main_orderitem
    ADD CONSTRAINT main_orderitem_pkey PRIMARY KEY (id);


--
-- Name: main_product main_product_pkey; Type: CONSTRAINT; Schema: public; Owner: postgres
--

ALTER TABLE ONLY public.main_product
    ADD CONSTRAINT main_product_pkey PRIMARY KEY (id);


--
-- Name: main_product main_product_slug_key; Type: CONSTRAINT; Schema: public; Owner: postgres
--

ALTER TABLE ONLY public.main_product
    ADD CONSTRAINT main_product_slug_key UNIQUE (slug);


--
-- Name: main_productcategory main_productcategory_pkey; Type: CONSTRAINT; Schema: public; Owner: postgres
--

ALTER TABLE ONLY public.main_productcategory
    ADD CONSTRAINT main_productcategory_pkey PRIMARY KEY (id);


--
-- Name: main_productimage main_productimage_pkey; Type: CONSTRAINT; Schema: public; Owner: postgres
--

ALTER TABLE ONLY public.main_productimage
    ADD CONSTRAINT main_productimage_pkey PRIMARY KEY (id);


--
-- Name: main_productrating main_productrating_pkey; Type: CONSTRAINT; Schema: public; Owner: postgres
--

ALTER TABLE ONLY public.main_productrating
    ADD CONSTRAINT main_productrating_pkey PRIMARY KEY (id);


--
-- Name: main_vendor main_vendor_pkey; Type: CONSTRAINT; Schema: public; Owner: postgres
--

ALTER TABLE ONLY public.main_vendor
    ADD CONSTRAINT main_vendor_pkey PRIMARY KEY (id);


--
-- Name: token_blacklist_blacklistedtoken token_blacklist_blacklistedtoken_pkey; Type: CONSTRAINT; Schema: public; Owner: postgres
--

ALTER TABLE ONLY public.token_blacklist_blacklistedtoken
    ADD CONSTRAINT token_blacklist_blacklistedtoken_pkey PRIMARY KEY (id);


--
-- Name: token_blacklist_blacklistedtoken token_blacklist_blacklistedtoken_token_id_key; Type: CONSTRAINT; Schema: public; Owner: postgres
--

ALTER TABLE ONLY public.token_blacklist_blacklistedtoken
    ADD CONSTRAINT token_blacklist_blacklistedtoken_token_id_key UNIQUE (token_id);


--
-- Name: token_blacklist_outstandingtoken token_blacklist_outstandingtoken_jti_hex_d9bdf6f7_uniq; Type: CONSTRAINT; Schema: public; Owner: postgres
--

ALTER TABLE ONLY public.token_blacklist_outstandingtoken
    ADD CONSTRAINT token_blacklist_outstandingtoken_jti_hex_d9bdf6f7_uniq UNIQUE (jti);


--
-- Name: token_blacklist_outstandingtoken token_blacklist_outstandingtoken_pkey; Type: CONSTRAINT; Schema: public; Owner: postgres
--

ALTER TABLE ONLY public.token_blacklist_outstandingtoken
    ADD CONSTRAINT token_blacklist_outstandingtoken_pkey PRIMARY KEY (id);


--
-- Name: auth_group_name_a6ea08ec_like; Type: INDEX; Schema: public; Owner: postgres
--

CREATE INDEX auth_group_name_a6ea08ec_like ON public.auth_group USING btree (name varchar_pattern_ops);


--
-- Name: auth_group_permissions_group_id_b120cbf9; Type: INDEX; Schema: public; Owner: postgres
--

CREATE INDEX auth_group_permissions_group_id_b120cbf9 ON public.auth_group_permissions USING btree (group_id);


--
-- Name: auth_group_permissions_permission_id_84c5c92e; Type: INDEX; Schema: public; Owner: postgres
--

CREATE INDEX auth_group_permissions_permission_id_84c5c92e ON public.auth_group_permissions USING btree (permission_id);


--
-- Name: auth_permission_content_type_id_2f476e4b; Type: INDEX; Schema: public; Owner: postgres
--

CREATE INDEX auth_permission_content_type_id_2f476e4b ON public.auth_permission USING btree (content_type_id);


--
-- Name: auth_user_groups_group_id_97559544; Type: INDEX; Schema: public; Owner: postgres
--

CREATE INDEX auth_user_groups_group_id_97559544 ON public.auth_user_groups USING btree (group_id);


--
-- Name: auth_user_groups_user_id_6a12ed8b; Type: INDEX; Schema: public; Owner: postgres
--

CREATE INDEX auth_user_groups_user_id_6a12ed8b ON public.auth_user_groups USING btree (user_id);


--
-- Name: auth_user_user_permissions_permission_id_1fbb5f2c; Type: INDEX; Schema: public; Owner: postgres
--

CREATE INDEX auth_user_user_permissions_permission_id_1fbb5f2c ON public.auth_user_user_permissions USING btree (permission_id);


--
-- Name: auth_user_user_permissions_user_id_a95ead1b; Type: INDEX; Schema: public; Owner: postgres
--

CREATE INDEX auth_user_user_permissions_user_id_a95ead1b ON public.auth_user_user_permissions USING btree (user_id);


--
-- Name: auth_user_username_6821ab7c_like; Type: INDEX; Schema: public; Owner: postgres
--

CREATE INDEX auth_user_username_6821ab7c_like ON public.auth_user USING btree (username varchar_pattern_ops);


--
-- Name: authtoken_token_key_10f0b77e_like; Type: INDEX; Schema: public; Owner: postgres
--

CREATE INDEX authtoken_token_key_10f0b77e_like ON public.authtoken_token USING btree (key varchar_pattern_ops);


--
-- Name: django_admin_log_content_type_id_c4bce8eb; Type: INDEX; Schema: public; Owner: postgres
--

CREATE INDEX django_admin_log_content_type_id_c4bce8eb ON public.django_admin_log USING btree (content_type_id);


--
-- Name: django_admin_log_user_id_c564eba6; Type: INDEX; Schema: public; Owner: postgres
--

CREATE INDEX django_admin_log_user_id_c564eba6 ON public.django_admin_log USING btree (user_id);


--
-- Name: django_session_expire_date_a5c62663; Type: INDEX; Schema: public; Owner: postgres
--

CREATE INDEX django_session_expire_date_a5c62663 ON public.django_session USING btree (expire_date);


--
-- Name: django_session_session_key_c0390e0f_like; Type: INDEX; Schema: public; Owner: postgres
--

CREATE INDEX django_session_session_key_c0390e0f_like ON public.django_session USING btree (session_key varchar_pattern_ops);


--
-- Name: main_customer_user_id_19b4dfa5; Type: INDEX; Schema: public; Owner: postgres
--

CREATE INDEX main_customer_user_id_19b4dfa5 ON public.main_customer USING btree (user_id);


--
-- Name: main_customeraddress_customer_id_4cc6b34e; Type: INDEX; Schema: public; Owner: postgres
--

CREATE INDEX main_customeraddress_customer_id_4cc6b34e ON public.main_customeraddress USING btree (customer_id);


--
-- Name: main_order_customer_id_73911006; Type: INDEX; Schema: public; Owner: postgres
--

CREATE INDEX main_order_customer_id_73911006 ON public.main_order USING btree (customer_id);


--
-- Name: main_orderitem_order_id_72ea9725; Type: INDEX; Schema: public; Owner: postgres
--

CREATE INDEX main_orderitem_order_id_72ea9725 ON public.main_orderitem USING btree (order_id);


--
-- Name: main_orderitem_product_id_b90dba64; Type: INDEX; Schema: public; Owner: postgres
--

CREATE INDEX main_orderitem_product_id_b90dba64 ON public.main_orderitem USING btree (product_id);


--
-- Name: main_product_Vendor_id_801c9cf4; Type: INDEX; Schema: public; Owner: postgres
--

CREATE INDEX "main_product_Vendor_id_801c9cf4" ON public.main_product USING btree (vendor_id);


--
-- Name: main_product_category_id_c0d90f41; Type: INDEX; Schema: public; Owner: postgres
--

CREATE INDEX main_product_category_id_c0d90f41 ON public.main_product USING btree (category_id);


--
-- Name: main_product_slug_85058272_like; Type: INDEX; Schema: public; Owner: postgres
--

CREATE INDEX main_product_slug_85058272_like ON public.main_product USING btree (slug varchar_pattern_ops);


--
-- Name: main_productimage_product_id_7c7e66ae; Type: INDEX; Schema: public; Owner: postgres
--

CREATE INDEX main_productimage_product_id_7c7e66ae ON public.main_productimage USING btree (product_id);


--
-- Name: main_productrating_customer_id_b0b6b50c; Type: INDEX; Schema: public; Owner: postgres
--

CREATE INDEX main_productrating_customer_id_b0b6b50c ON public.main_productrating USING btree (customer_id);


--
-- Name: main_productrating_product_id_9adac0ca; Type: INDEX; Schema: public; Owner: postgres
--

CREATE INDEX main_productrating_product_id_9adac0ca ON public.main_productrating USING btree (product_id);


--
-- Name: main_vendor_user_id_a0af8030; Type: INDEX; Schema: public; Owner: postgres
--

CREATE INDEX main_vendor_user_id_a0af8030 ON public.main_vendor USING btree (user_id);


--
-- Name: token_blacklist_outstandingtoken_jti_hex_d9bdf6f7_like; Type: INDEX; Schema: public; Owner: postgres
--

CREATE INDEX token_blacklist_outstandingtoken_jti_hex_d9bdf6f7_like ON public.token_blacklist_outstandingtoken USING btree (jti varchar_pattern_ops);


--
-- Name: token_blacklist_outstandingtoken_user_id_83bc629a; Type: INDEX; Schema: public; Owner: postgres
--

CREATE INDEX token_blacklist_outstandingtoken_user_id_83bc629a ON public.token_blacklist_outstandingtoken USING btree (user_id);


--
-- Name: auth_group_permissions auth_group_permissio_permission_id_84c5c92e_fk_auth_perm; Type: FK CONSTRAINT; Schema: public; Owner: postgres
--

ALTER TABLE ONLY public.auth_group_permissions
    ADD CONSTRAINT auth_group_permissio_permission_id_84c5c92e_fk_auth_perm FOREIGN KEY (permission_id) REFERENCES public.auth_permission(id) DEFERRABLE INITIALLY DEFERRED;


--
-- Name: auth_group_permissions auth_group_permissions_group_id_b120cbf9_fk_auth_group_id; Type: FK CONSTRAINT; Schema: public; Owner: postgres
--

ALTER TABLE ONLY public.auth_group_permissions
    ADD CONSTRAINT auth_group_permissions_group_id_b120cbf9_fk_auth_group_id FOREIGN KEY (group_id) REFERENCES public.auth_group(id) DEFERRABLE INITIALLY DEFERRED;


--
-- Name: auth_permission auth_permission_content_type_id_2f476e4b_fk_django_co; Type: FK CONSTRAINT; Schema: public; Owner: postgres
--

ALTER TABLE ONLY public.auth_permission
    ADD CONSTRAINT auth_permission_content_type_id_2f476e4b_fk_django_co FOREIGN KEY (content_type_id) REFERENCES public.django_content_type(id) DEFERRABLE INITIALLY DEFERRED;


--
-- Name: auth_user_groups auth_user_groups_group_id_97559544_fk_auth_group_id; Type: FK CONSTRAINT; Schema: public; Owner: postgres
--

ALTER TABLE ONLY public.auth_user_groups
    ADD CONSTRAINT auth_user_groups_group_id_97559544_fk_auth_group_id FOREIGN KEY (group_id) REFERENCES public.auth_group(id) DEFERRABLE INITIALLY DEFERRED;


--
-- Name: auth_user_groups auth_user_groups_user_id_6a12ed8b_fk_auth_user_id; Type: FK CONSTRAINT; Schema: public; Owner: postgres
--

ALTER TABLE ONLY public.auth_user_groups
    ADD CONSTRAINT auth_user_groups_user_id_6a12ed8b_fk_auth_user_id FOREIGN KEY (user_id) REFERENCES public.auth_user(id) DEFERRABLE INITIALLY DEFERRED;


--
-- Name: auth_user_user_permissions auth_user_user_permi_permission_id_1fbb5f2c_fk_auth_perm; Type: FK CONSTRAINT; Schema: public; Owner: postgres
--

ALTER TABLE ONLY public.auth_user_user_permissions
    ADD CONSTRAINT auth_user_user_permi_permission_id_1fbb5f2c_fk_auth_perm FOREIGN KEY (permission_id) REFERENCES public.auth_permission(id) DEFERRABLE INITIALLY DEFERRED;


--
-- Name: auth_user_user_permissions auth_user_user_permissions_user_id_a95ead1b_fk_auth_user_id; Type: FK CONSTRAINT; Schema: public; Owner: postgres
--

ALTER TABLE ONLY public.auth_user_user_permissions
    ADD CONSTRAINT auth_user_user_permissions_user_id_a95ead1b_fk_auth_user_id FOREIGN KEY (user_id) REFERENCES public.auth_user(id) DEFERRABLE INITIALLY DEFERRED;


--
-- Name: authtoken_token authtoken_token_user_id_35299eff_fk_auth_user_id; Type: FK CONSTRAINT; Schema: public; Owner: postgres
--

ALTER TABLE ONLY public.authtoken_token
    ADD CONSTRAINT authtoken_token_user_id_35299eff_fk_auth_user_id FOREIGN KEY (user_id) REFERENCES public.auth_user(id) DEFERRABLE INITIALLY DEFERRED;


--
-- Name: django_admin_log django_admin_log_content_type_id_c4bce8eb_fk_django_co; Type: FK CONSTRAINT; Schema: public; Owner: postgres
--

ALTER TABLE ONLY public.django_admin_log
    ADD CONSTRAINT django_admin_log_content_type_id_c4bce8eb_fk_django_co FOREIGN KEY (content_type_id) REFERENCES public.django_content_type(id) DEFERRABLE INITIALLY DEFERRED;


--
-- Name: django_admin_log django_admin_log_user_id_c564eba6_fk_auth_user_id; Type: FK CONSTRAINT; Schema: public; Owner: postgres
--

ALTER TABLE ONLY public.django_admin_log
    ADD CONSTRAINT django_admin_log_user_id_c564eba6_fk_auth_user_id FOREIGN KEY (user_id) REFERENCES public.auth_user(id) DEFERRABLE INITIALLY DEFERRED;


--
-- Name: main_customer main_customer_user_id_19b4dfa5_fk_auth_user_id; Type: FK CONSTRAINT; Schema: public; Owner: postgres
--

ALTER TABLE ONLY public.main_customer
    ADD CONSTRAINT main_customer_user_id_19b4dfa5_fk_auth_user_id FOREIGN KEY (user_id) REFERENCES public.auth_user(id) DEFERRABLE INITIALLY DEFERRED;


--
-- Name: main_customeraddress main_customeraddress_customer_id_4cc6b34e_fk_main_customer_id; Type: FK CONSTRAINT; Schema: public; Owner: postgres
--

ALTER TABLE ONLY public.main_customeraddress
    ADD CONSTRAINT main_customeraddress_customer_id_4cc6b34e_fk_main_customer_id FOREIGN KEY (customer_id) REFERENCES public.main_customer(id) DEFERRABLE INITIALLY DEFERRED;


--
-- Name: main_order main_order_customer_id_73911006_fk_main_customer_id; Type: FK CONSTRAINT; Schema: public; Owner: postgres
--

ALTER TABLE ONLY public.main_order
    ADD CONSTRAINT main_order_customer_id_73911006_fk_main_customer_id FOREIGN KEY (customer_id) REFERENCES public.main_customer(id) DEFERRABLE INITIALLY DEFERRED;


--
-- Name: main_orderitem main_orderitem_order_id_72ea9725_fk_main_order_id; Type: FK CONSTRAINT; Schema: public; Owner: postgres
--

ALTER TABLE ONLY public.main_orderitem
    ADD CONSTRAINT main_orderitem_order_id_72ea9725_fk_main_order_id FOREIGN KEY (order_id) REFERENCES public.main_order(id) DEFERRABLE INITIALLY DEFERRED;


--
-- Name: main_orderitem main_orderitem_product_id_b90dba64_fk_main_product_id; Type: FK CONSTRAINT; Schema: public; Owner: postgres
--

ALTER TABLE ONLY public.main_orderitem
    ADD CONSTRAINT main_orderitem_product_id_b90dba64_fk_main_product_id FOREIGN KEY (product_id) REFERENCES public.main_product(id) DEFERRABLE INITIALLY DEFERRED;


--
-- Name: main_product main_product_category_id_c0d90f41_fk_main_productcategory_id; Type: FK CONSTRAINT; Schema: public; Owner: postgres
--

ALTER TABLE ONLY public.main_product
    ADD CONSTRAINT main_product_category_id_c0d90f41_fk_main_productcategory_id FOREIGN KEY (category_id) REFERENCES public.main_productcategory(id) DEFERRABLE INITIALLY DEFERRED;


--
-- Name: main_product main_product_vendor_id_34ac7c86_fk_main_vendor_id; Type: FK CONSTRAINT; Schema: public; Owner: postgres
--

ALTER TABLE ONLY public.main_product
    ADD CONSTRAINT main_product_vendor_id_34ac7c86_fk_main_vendor_id FOREIGN KEY (vendor_id) REFERENCES public.main_vendor(id) DEFERRABLE INITIALLY DEFERRED;


--
-- Name: main_productimage main_productimage_product_id_7c7e66ae_fk_main_product_id; Type: FK CONSTRAINT; Schema: public; Owner: postgres
--

ALTER TABLE ONLY public.main_productimage
    ADD CONSTRAINT main_productimage_product_id_7c7e66ae_fk_main_product_id FOREIGN KEY (product_id) REFERENCES public.main_product(id) DEFERRABLE INITIALLY DEFERRED;


--
-- Name: main_productrating main_productrating_customer_id_b0b6b50c_fk_main_customer_id; Type: FK CONSTRAINT; Schema: public; Owner: postgres
--

ALTER TABLE ONLY public.main_productrating
    ADD CONSTRAINT main_productrating_customer_id_b0b6b50c_fk_main_customer_id FOREIGN KEY (customer_id) REFERENCES public.main_customer(id) DEFERRABLE INITIALLY DEFERRED;


--
-- Name: main_productrating main_productrating_product_id_9adac0ca_fk_main_product_id; Type: FK CONSTRAINT; Schema: public; Owner: postgres
--

ALTER TABLE ONLY public.main_productrating
    ADD CONSTRAINT main_productrating_product_id_9adac0ca_fk_main_product_id FOREIGN KEY (product_id) REFERENCES public.main_product(id) DEFERRABLE INITIALLY DEFERRED;


--
-- Name: main_vendor main_vendor_user_id_a0af8030_fk_auth_user_id; Type: FK CONSTRAINT; Schema: public; Owner: postgres
--

ALTER TABLE ONLY public.main_vendor
    ADD CONSTRAINT main_vendor_user_id_a0af8030_fk_auth_user_id FOREIGN KEY (user_id) REFERENCES public.auth_user(id) DEFERRABLE INITIALLY DEFERRED;


--
-- Name: token_blacklist_blacklistedtoken token_blacklist_blacklistedtoken_token_id_3cc7fe56_fk; Type: FK CONSTRAINT; Schema: public; Owner: postgres
--

ALTER TABLE ONLY public.token_blacklist_blacklistedtoken
    ADD CONSTRAINT token_blacklist_blacklistedtoken_token_id_3cc7fe56_fk FOREIGN KEY (token_id) REFERENCES public.token_blacklist_outstandingtoken(id) DEFERRABLE INITIALLY DEFERRED;


--
-- Name: token_blacklist_outstandingtoken token_blacklist_outs_user_id_83bc629a_fk_auth_user; Type: FK CONSTRAINT; Schema: public; Owner: postgres
--

ALTER TABLE ONLY public.token_blacklist_outstandingtoken
    ADD CONSTRAINT token_blacklist_outs_user_id_83bc629a_fk_auth_user FOREIGN KEY (user_id) REFERENCES public.auth_user(id) DEFERRABLE INITIALLY DEFERRED;


--
-- Name: SCHEMA public; Type: ACL; Schema: -; Owner: postgres
--

REVOKE USAGE ON SCHEMA public FROM PUBLIC;
GRANT ALL ON SCHEMA public TO PUBLIC;


--
-- PostgreSQL database dump complete
--

