--
-- PostgreSQL database dump
--

-- Dumped from database version 17.4
-- Dumped by pg_dump version 17.4

SET statement_timeout = 0;
SET lock_timeout = 0;
SET idle_in_transaction_session_timeout = 0;
SET transaction_timeout = 0;
SET client_encoding = 'UTF8';
SET standard_conforming_strings = on;
SELECT pg_catalog.set_config('search_path', '', false);
SET check_function_bodies = false;
SET xmloption = content;
SET client_min_messages = warning;
SET row_security = off;

--
-- Name: public; Type: SCHEMA; Schema: -; Owner: postgres
--

-- *not* creating schema, since initdb creates it


ALTER SCHEMA public OWNER TO postgres;

--
-- Name: SCHEMA public; Type: COMMENT; Schema: -; Owner: postgres
--

COMMENT ON SCHEMA public IS '';


SET default_tablespace = '';

SET default_table_access_method = heap;

--
-- Name: auth_group; Type: TABLE; Schema: public; Owner: postgres
--

CREATE TABLE public.auth_group (
    id integer NOT NULL,
    name character varying(150) NOT NULL
);


ALTER TABLE public.auth_group OWNER TO postgres;

--
-- Name: auth_group_id_seq; Type: SEQUENCE; Schema: public; Owner: postgres
--

ALTER TABLE public.auth_group ALTER COLUMN id ADD GENERATED BY DEFAULT AS IDENTITY (
    SEQUENCE NAME public.auth_group_id_seq
    START WITH 1
    INCREMENT BY 1
    NO MINVALUE
    NO MAXVALUE
    CACHE 1
);


--
-- Name: auth_group_permissions; Type: TABLE; Schema: public; Owner: postgres
--

CREATE TABLE public.auth_group_permissions (
    id bigint NOT NULL,
    group_id integer NOT NULL,
    permission_id integer NOT NULL
);


ALTER TABLE public.auth_group_permissions OWNER TO postgres;

--
-- Name: auth_group_permissions_id_seq; Type: SEQUENCE; Schema: public; Owner: postgres
--

ALTER TABLE public.auth_group_permissions ALTER COLUMN id ADD GENERATED BY DEFAULT AS IDENTITY (
    SEQUENCE NAME public.auth_group_permissions_id_seq
    START WITH 1
    INCREMENT BY 1
    NO MINVALUE
    NO MAXVALUE
    CACHE 1
);


--
-- Name: auth_permission; Type: TABLE; Schema: public; Owner: postgres
--

CREATE TABLE public.auth_permission (
    id integer NOT NULL,
    name character varying(255) NOT NULL,
    content_type_id integer NOT NULL,
    codename character varying(100) NOT NULL
);


ALTER TABLE public.auth_permission OWNER TO postgres;

--
-- Name: auth_permission_id_seq; Type: SEQUENCE; Schema: public; Owner: postgres
--

ALTER TABLE public.auth_permission ALTER COLUMN id ADD GENERATED BY DEFAULT AS IDENTITY (
    SEQUENCE NAME public.auth_permission_id_seq
    START WITH 1
    INCREMENT BY 1
    NO MINVALUE
    NO MAXVALUE
    CACHE 1
);


--
-- Name: auth_user; Type: TABLE; Schema: public; Owner: postgres
--

CREATE TABLE public.auth_user (
    id integer NOT NULL,
    password character varying(128) NOT NULL,
    last_login timestamp with time zone,
    is_superuser boolean NOT NULL,
    username character varying(150) NOT NULL,
    first_name character varying(150) NOT NULL,
    last_name character varying(150) NOT NULL,
    email character varying(254) NOT NULL,
    is_staff boolean NOT NULL,
    is_active boolean NOT NULL,
    date_joined timestamp with time zone NOT NULL
);


ALTER TABLE public.auth_user OWNER TO postgres;

--
-- Name: auth_user_groups; Type: TABLE; Schema: public; Owner: postgres
--

CREATE TABLE public.auth_user_groups (
    id bigint NOT NULL,
    user_id integer NOT NULL,
    group_id integer NOT NULL
);


ALTER TABLE public.auth_user_groups OWNER TO postgres;

--
-- Name: auth_user_groups_id_seq; Type: SEQUENCE; Schema: public; Owner: postgres
--

ALTER TABLE public.auth_user_groups ALTER COLUMN id ADD GENERATED BY DEFAULT AS IDENTITY (
    SEQUENCE NAME public.auth_user_groups_id_seq
    START WITH 1
    INCREMENT BY 1
    NO MINVALUE
    NO MAXVALUE
    CACHE 1
);


--
-- Name: auth_user_id_seq; Type: SEQUENCE; Schema: public; Owner: postgres
--

ALTER TABLE public.auth_user ALTER COLUMN id ADD GENERATED BY DEFAULT AS IDENTITY (
    SEQUENCE NAME public.auth_user_id_seq
    START WITH 1
    INCREMENT BY 1
    NO MINVALUE
    NO MAXVALUE
    CACHE 1
);


--
-- Name: auth_user_user_permissions; Type: TABLE; Schema: public; Owner: postgres
--

CREATE TABLE public.auth_user_user_permissions (
    id bigint NOT NULL,
    user_id integer NOT NULL,
    permission_id integer NOT NULL
);


ALTER TABLE public.auth_user_user_permissions OWNER TO postgres;

--
-- Name: auth_user_user_permissions_id_seq; Type: SEQUENCE; Schema: public; Owner: postgres
--

ALTER TABLE public.auth_user_user_permissions ALTER COLUMN id ADD GENERATED BY DEFAULT AS IDENTITY (
    SEQUENCE NAME public.auth_user_user_permissions_id_seq
    START WITH 1
    INCREMENT BY 1
    NO MINVALUE
    NO MAXVALUE
    CACHE 1
);


--
-- Name: django_admin_log; Type: TABLE; Schema: public; Owner: postgres
--

CREATE TABLE public.django_admin_log (
    id integer NOT NULL,
    action_time timestamp with time zone NOT NULL,
    object_id text,
    object_repr character varying(200) NOT NULL,
    action_flag smallint NOT NULL,
    change_message text NOT NULL,
    content_type_id integer,
    user_id integer NOT NULL,
    CONSTRAINT django_admin_log_action_flag_check CHECK ((action_flag >= 0))
);


ALTER TABLE public.django_admin_log OWNER TO postgres;

--
-- Name: django_admin_log_id_seq; Type: SEQUENCE; Schema: public; Owner: postgres
--

ALTER TABLE public.django_admin_log ALTER COLUMN id ADD GENERATED BY DEFAULT AS IDENTITY (
    SEQUENCE NAME public.django_admin_log_id_seq
    START WITH 1
    INCREMENT BY 1
    NO MINVALUE
    NO MAXVALUE
    CACHE 1
);


--
-- Name: django_content_type; Type: TABLE; Schema: public; Owner: postgres
--

CREATE TABLE public.django_content_type (
    id integer NOT NULL,
    app_label character varying(100) NOT NULL,
    model character varying(100) NOT NULL
);


ALTER TABLE public.django_content_type OWNER TO postgres;

--
-- Name: django_content_type_id_seq; Type: SEQUENCE; Schema: public; Owner: postgres
--

ALTER TABLE public.django_content_type ALTER COLUMN id ADD GENERATED BY DEFAULT AS IDENTITY (
    SEQUENCE NAME public.django_content_type_id_seq
    START WITH 1
    INCREMENT BY 1
    NO MINVALUE
    NO MAXVALUE
    CACHE 1
);


--
-- Name: django_migrations; Type: TABLE; Schema: public; Owner: postgres
--

CREATE TABLE public.django_migrations (
    id bigint NOT NULL,
    app character varying(255) NOT NULL,
    name character varying(255) NOT NULL,
    applied timestamp with time zone NOT NULL
);


ALTER TABLE public.django_migrations OWNER TO postgres;

--
-- Name: django_migrations_id_seq; Type: SEQUENCE; Schema: public; Owner: postgres
--

ALTER TABLE public.django_migrations ALTER COLUMN id ADD GENERATED BY DEFAULT AS IDENTITY (
    SEQUENCE NAME public.django_migrations_id_seq
    START WITH 1
    INCREMENT BY 1
    NO MINVALUE
    NO MAXVALUE
    CACHE 1
);


--
-- Name: django_session; Type: TABLE; Schema: public; Owner: postgres
--

CREATE TABLE public.django_session (
    session_key character varying(40) NOT NULL,
    session_data text NOT NULL,
    expire_date timestamp with time zone NOT NULL
);


ALTER TABLE public.django_session OWNER TO postgres;

--
-- Name: main_customer; Type: TABLE; Schema: public; Owner: postgres
--

CREATE TABLE public.main_customer (
    id bigint NOT NULL,
    mobile bigint NOT NULL,
    user_id integer NOT NULL,
    CONSTRAINT main_customer_mobile_check CHECK ((mobile >= 0))
);


ALTER TABLE public.main_customer OWNER TO postgres;

--
-- Name: main_customer_id_seq; Type: SEQUENCE; Schema: public; Owner: postgres
--

ALTER TABLE public.main_customer ALTER COLUMN id ADD GENERATED BY DEFAULT AS IDENTITY (
    SEQUENCE NAME public.main_customer_id_seq
    START WITH 1
    INCREMENT BY 1
    NO MINVALUE
    NO MAXVALUE
    CACHE 1
);


--
-- Name: main_customeraddress; Type: TABLE; Schema: public; Owner: postgres
--

CREATE TABLE public.main_customeraddress (
    id bigint NOT NULL,
    address text NOT NULL,
    default_address boolean NOT NULL,
    customer_id bigint NOT NULL
);


ALTER TABLE public.main_customeraddress OWNER TO postgres;

--
-- Name: main_customeraddress_id_seq; Type: SEQUENCE; Schema: public; Owner: postgres
--

ALTER TABLE public.main_customeraddress ALTER COLUMN id ADD GENERATED BY DEFAULT AS IDENTITY (
    SEQUENCE NAME public.main_customeraddress_id_seq
    START WITH 1
    INCREMENT BY 1
    NO MINVALUE
    NO MAXVALUE
    CACHE 1
);


--
-- Name: main_order; Type: TABLE; Schema: public; Owner: postgres
--

CREATE TABLE public.main_order (
    id bigint NOT NULL,
    "Order_time" timestamp with time zone NOT NULL,
    customer_id bigint NOT NULL
);


ALTER TABLE public.main_order OWNER TO postgres;

--
-- Name: main_order_id_seq; Type: SEQUENCE; Schema: public; Owner: postgres
--

ALTER TABLE public.main_order ALTER COLUMN id ADD GENERATED BY DEFAULT AS IDENTITY (
    SEQUENCE NAME public.main_order_id_seq
    START WITH 1
    INCREMENT BY 1
    NO MINVALUE
    NO MAXVALUE
    CACHE 1
);


--
-- Name: main_orderitem; Type: TABLE; Schema: public; Owner: postgres
--

CREATE TABLE public.main_orderitem (
    id bigint NOT NULL,
    order_id bigint NOT NULL,
    product_id bigint NOT NULL
);


ALTER TABLE public.main_orderitem OWNER TO postgres;

--
-- Name: main_orderitem_id_seq; Type: SEQUENCE; Schema: public; Owner: postgres
--

ALTER TABLE public.main_orderitem ALTER COLUMN id ADD GENERATED BY DEFAULT AS IDENTITY (
    SEQUENCE NAME public.main_orderitem_id_seq
    START WITH 1
    INCREMENT BY 1
    NO MINVALUE
    NO MAXVALUE
    CACHE 1
);


--
-- Name: main_product; Type: TABLE; Schema: public; Owner: postgres
--

CREATE TABLE public.main_product (
    id bigint NOT NULL,
    title character varying(200) NOT NULL,
    slug character varying(300),
    detail text,
    price double precision NOT NULL,
    tags text,
    image character varying(100),
    demo_url character varying(200),
    file character varying(100),
    category_id bigint,
    vendor_id bigint
);


ALTER TABLE public.main_product OWNER TO postgres;

--
-- Name: main_product_id_seq; Type: SEQUENCE; Schema: public; Owner: postgres
--

ALTER TABLE public.main_product ALTER COLUMN id ADD GENERATED BY DEFAULT AS IDENTITY (
    SEQUENCE NAME public.main_product_id_seq
    START WITH 1
    INCREMENT BY 1
    NO MINVALUE
    NO MAXVALUE
    CACHE 1
);


--
-- Name: main_productcategory; Type: TABLE; Schema: public; Owner: postgres
--

CREATE TABLE public.main_productcategory (
    id bigint NOT NULL,
    title character varying(200) NOT NULL,
    details text,
    image character varying(100)
);


ALTER TABLE public.main_productcategory OWNER TO postgres;

--
-- Name: main_productcategory_id_seq; Type: SEQUENCE; Schema: public; Owner: postgres
--

ALTER TABLE public.main_productcategory ALTER COLUMN id ADD GENERATED BY DEFAULT AS IDENTITY (
    SEQUENCE NAME public.main_productcategory_id_seq
    START WITH 1
    INCREMENT BY 1
    NO MINVALUE
    NO MAXVALUE
    CACHE 1
);


--
-- Name: main_productimage; Type: TABLE; Schema: public; Owner: postgres
--

CREATE TABLE public.main_productimage (
    id bigint NOT NULL,
    image character varying(100),
    product_id bigint NOT NULL
);


ALTER TABLE public.main_productimage OWNER TO postgres;

--
-- Name: main_productimage_id_seq; Type: SEQUENCE; Schema: public; Owner: postgres
--

ALTER TABLE public.main_productimage ALTER COLUMN id ADD GENERATED BY DEFAULT AS IDENTITY (
    SEQUENCE NAME public.main_productimage_id_seq
    START WITH 1
    INCREMENT BY 1
    NO MINVALUE
    NO MAXVALUE
    CACHE 1
);


--
-- Name: main_productrating; Type: TABLE; Schema: public; Owner: postgres
--

CREATE TABLE public.main_productrating (
    id bigint NOT NULL,
    rating integer NOT NULL,
    reviews text NOT NULL,
    add_time timestamp with time zone NOT NULL,
    customer_id bigint NOT NULL,
    product_id bigint NOT NULL
);


ALTER TABLE public.main_productrating OWNER TO postgres;

--
-- Name: main_productrating_id_seq; Type: SEQUENCE; Schema: public; Owner: postgres
--

ALTER TABLE public.main_productrating ALTER COLUMN id ADD GENERATED BY DEFAULT AS IDENTITY (
    SEQUENCE NAME public.main_productrating_id_seq
    START WITH 1
    INCREMENT BY 1
    NO MINVALUE
    NO MAXVALUE
    CACHE 1
);


--
-- Name: main_vendor; Type: TABLE; Schema: public; Owner: postgres
--

CREATE TABLE public.main_vendor (
    id bigint NOT NULL,
    address text,
    user_id integer NOT NULL
);


ALTER TABLE public.main_vendor OWNER TO postgres;

--
-- Name: main_vendor_id_seq; Type: SEQUENCE; Schema: public; Owner: postgres
--

ALTER TABLE public.main_vendor ALTER COLUMN id ADD GENERATED BY DEFAULT AS IDENTITY (
    SEQUENCE NAME public.main_vendor_id_seq
    START WITH 1
    INCREMENT BY 1
    NO MINVALUE
    NO MAXVALUE
    CACHE 1
);


--
-- Name: main_wishlist; Type: TABLE; Schema: public; Owner: postgres
--

CREATE TABLE public.main_wishlist (
    id bigint NOT NULL,
    added_on timestamp with time zone NOT NULL,
    customer_id bigint NOT NULL,
    product_id bigint NOT NULL
);


ALTER TABLE public.main_wishlist OWNER TO postgres;

--
-- Name: main_wishlist_id_seq; Type: SEQUENCE; Schema: public; Owner: postgres
--

ALTER TABLE public.main_wishlist ALTER COLUMN id ADD GENERATED BY DEFAULT AS IDENTITY (
    SEQUENCE NAME public.main_wishlist_id_seq
    START WITH 1
    INCREMENT BY 1
    NO MINVALUE
    NO MAXVALUE
    CACHE 1
);


--
-- Name: token_blacklist_blacklistedtoken; Type: TABLE; Schema: public; Owner: postgres
--

CREATE TABLE public.token_blacklist_blacklistedtoken (
    id bigint NOT NULL,
    blacklisted_at timestamp with time zone NOT NULL,
    token_id bigint NOT NULL
);


ALTER TABLE public.token_blacklist_blacklistedtoken OWNER TO postgres;

--
-- Name: token_blacklist_blacklistedtoken_id_seq; Type: SEQUENCE; Schema: public; Owner: postgres
--

ALTER TABLE public.token_blacklist_blacklistedtoken ALTER COLUMN id ADD GENERATED BY DEFAULT AS IDENTITY (
    SEQUENCE NAME public.token_blacklist_blacklistedtoken_id_seq
    START WITH 1
    INCREMENT BY 1
    NO MINVALUE
    NO MAXVALUE
    CACHE 1
);


--
-- Name: token_blacklist_outstandingtoken; Type: TABLE; Schema: public; Owner: postgres
--

CREATE TABLE public.token_blacklist_outstandingtoken (
    id bigint NOT NULL,
    token text NOT NULL,
    created_at timestamp with time zone,
    expires_at timestamp with time zone NOT NULL,
    user_id integer,
    jti character varying(255) NOT NULL
);


ALTER TABLE public.token_blacklist_outstandingtoken OWNER TO postgres;

--
-- Name: token_blacklist_outstandingtoken_id_seq; Type: SEQUENCE; Schema: public; Owner: postgres
--

ALTER TABLE public.token_blacklist_outstandingtoken ALTER COLUMN id ADD GENERATED BY DEFAULT AS IDENTITY (
    SEQUENCE NAME public.token_blacklist_outstandingtoken_id_seq
    START WITH 1
    INCREMENT BY 1
    NO MINVALUE
    NO MAXVALUE
    CACHE 1
);


--
-- Data for Name: auth_group; Type: TABLE DATA; Schema: public; Owner: postgres
--

COPY public.auth_group (id, name) FROM stdin;
\.


--
-- Data for Name: auth_group_permissions; Type: TABLE DATA; Schema: public; Owner: postgres
--

COPY public.auth_group_permissions (id, group_id, permission_id) FROM stdin;
\.


--
-- Data for Name: auth_permission; Type: TABLE DATA; Schema: public; Owner: postgres
--

COPY public.auth_permission (id, name, content_type_id, codename) FROM stdin;
1	Can add product	1	add_product
2	Can change product	1	change_product
3	Can delete product	1	delete_product
4	Can view product	1	view_product
5	Can add product category	2	add_productcategory
6	Can change product category	2	change_productcategory
7	Can delete product category	2	delete_productcategory
8	Can view product category	2	view_productcategory
9	Can add customer	3	add_customer
10	Can change customer	3	change_customer
11	Can delete customer	3	delete_customer
12	Can view customer	3	view_customer
13	Can add customer address	4	add_customeraddress
14	Can change customer address	4	change_customeraddress
15	Can delete customer address	4	delete_customeraddress
16	Can view customer address	4	view_customeraddress
17	Can add order	5	add_order
18	Can change order	5	change_order
19	Can delete order	5	delete_order
20	Can view order	5	view_order
21	Can add order item	6	add_orderitem
22	Can change order item	6	change_orderitem
23	Can delete order item	6	delete_orderitem
24	Can view order item	6	view_orderitem
25	Can add product image	7	add_productimage
26	Can change product image	7	change_productimage
27	Can delete product image	7	delete_productimage
28	Can view product image	7	view_productimage
29	Can add product rating	8	add_productrating
30	Can change product rating	8	change_productrating
31	Can delete product rating	8	delete_productrating
32	Can view product rating	8	view_productrating
33	Can add vendor	9	add_vendor
34	Can change vendor	9	change_vendor
35	Can delete vendor	9	delete_vendor
36	Can view vendor	9	view_vendor
37	Can add wishlist	10	add_wishlist
38	Can change wishlist	10	change_wishlist
39	Can delete wishlist	10	delete_wishlist
40	Can view wishlist	10	view_wishlist
41	Can add log entry	11	add_logentry
42	Can change log entry	11	change_logentry
43	Can delete log entry	11	delete_logentry
44	Can view log entry	11	view_logentry
45	Can add permission	12	add_permission
46	Can change permission	12	change_permission
47	Can delete permission	12	delete_permission
48	Can view permission	12	view_permission
49	Can add group	13	add_group
50	Can change group	13	change_group
51	Can delete group	13	delete_group
52	Can view group	13	view_group
53	Can add user	14	add_user
54	Can change user	14	change_user
55	Can delete user	14	delete_user
56	Can view user	14	view_user
57	Can add content type	15	add_contenttype
58	Can change content type	15	change_contenttype
59	Can delete content type	15	delete_contenttype
60	Can view content type	15	view_contenttype
61	Can add session	16	add_session
62	Can change session	16	change_session
63	Can delete session	16	delete_session
64	Can view session	16	view_session
65	Can add blacklisted token	17	add_blacklistedtoken
66	Can change blacklisted token	17	change_blacklistedtoken
67	Can delete blacklisted token	17	delete_blacklistedtoken
68	Can view blacklisted token	17	view_blacklistedtoken
69	Can add outstanding token	18	add_outstandingtoken
70	Can change outstanding token	18	change_outstandingtoken
71	Can delete outstanding token	18	delete_outstandingtoken
72	Can view outstanding token	18	view_outstandingtoken
\.


--
-- Data for Name: auth_user; Type: TABLE DATA; Schema: public; Owner: postgres
--

COPY public.auth_user (id, password, last_login, is_superuser, username, first_name, last_name, email, is_staff, is_active, date_joined) FROM stdin;
2	pbkdf2_sha256$1000000$JF8BlfsmUaiRZRy25kcCOr$Ea3fKwXzUD5y4ql9KPpB7uFL19zC9iPV1k2ry/WM5c4=	2025-06-30 11:48:06.04437+05:30	t	aditya				t	t	2025-06-30 11:48:01.418475+05:30
3	pbkdf2_sha256$1000000$42CmMlGGfSsCaAJNYEPaRh$fZZAoRoH6BrhDMmIqfV+R7p9UJ9rYkLZZoNx4lk0zdY=	\N	f	Vendor1			vendor1@gmail.com	f	t	2025-06-30 11:49:22.244024+05:30
4	pbkdf2_sha256$1000000$ebwB7U8FSglcbo9WF5Fjww$mHpUTV79YKj1BVvZH1fTYK4JnfHIYHmnllvmVaSsNxo=	\N	f	vendor2			vendor@gmail.com	f	t	2025-06-30 11:55:12.13813+05:30
5	pbkdf2_sha256$1000000$PhaDSyo0UVdwgoA8n6GjEe$Yu60pzVVizVPKoLy/r5J+7h0DQ3tbCfhbjb7uXUh7Cw=	\N	f	vendor3			jatin@gmail.com	f	t	2025-06-30 11:55:28.901461+05:30
6	pbkdf2_sha256$1000000$dBnqbUaVZdOIkdGgiDu2Nh$WUtGUt1zmtYCKL+mL6NvnHiRWhJ0O2x/uWZpx9x90do=	\N	f	vendor1			aditya.giri2204@gmail.com	f	t	2025-06-30 11:56:01.23248+05:30
7	pbkdf2_sha256$1000000$Q2vX4FXceY7pav8Eic7T78$LgQz0VR4g1TEf/2E+O6w4A/v/sdfo56oV4niX/I/P8M=	\N	f	customer1	customer	customer	aditya.giri2204@gmail.com	f	t	2025-06-30 13:14:12.218837+05:30
\.


--
-- Data for Name: auth_user_groups; Type: TABLE DATA; Schema: public; Owner: postgres
--

COPY public.auth_user_groups (id, user_id, group_id) FROM stdin;
\.


--
-- Data for Name: auth_user_user_permissions; Type: TABLE DATA; Schema: public; Owner: postgres
--

COPY public.auth_user_user_permissions (id, user_id, permission_id) FROM stdin;
\.


--
-- Data for Name: django_admin_log; Type: TABLE DATA; Schema: public; Owner: postgres
--

COPY public.django_admin_log (id, action_time, object_id, object_repr, action_flag, change_message, content_type_id, user_id) FROM stdin;
1	2025-06-30 11:48:18.793937+05:30	1	jaadu	3		3	2
2	2025-06-30 11:48:26.950754+05:30	1	jaadu	3		14	2
3	2025-06-30 11:55:46.326664+05:30	1	Vendor1	3		9	2
4	2025-06-30 11:57:43.336909+05:30	1	Python	1	[{"added": {}}]	2	2
5	2025-06-30 11:58:56.299765+05:30	1	Python	3		2	2
6	2025-06-30 11:59:11.624649+05:30	2	Python	1	[{"added": {}}]	2	2
7	2025-06-30 12:01:34.286311+05:30	2	Python	3		2	2
8	2025-06-30 12:02:02.430741+05:30	3	Python	1	[{"added": {}}]	2	2
9	2025-06-30 12:03:12.855363+05:30	4	JavaScript	1	[{"added": {}}]	2	2
10	2025-06-30 12:03:33.580688+05:30	5	Linux	1	[{"added": {}}]	2	2
11	2025-06-30 12:04:07.368654+05:30	6	HTML/CSS	1	[{"added": {}}]	2	2
12	2025-06-30 12:19:39.896359+05:30	1	Email Sender	1	[{"added": {}}]	1	2
13	2025-06-30 12:22:18.145764+05:30	2	Linux User Setup Script	1	[{"added": {}}]	1	2
14	2025-06-30 12:23:33.304822+05:30	3	JS Password Generator	1	[{"added": {}}]	1	2
15	2025-06-30 12:26:36.760335+05:30	4	Countdown Timer	1	[{"added": {}}]	1	2
16	2025-06-30 12:27:37.397939+05:30	5	Todo App	1	[{"added": {}}]	1	2
17	2025-06-30 12:28:17.158357+05:30	6	Todo App	1	[{"added": {}}]	1	2
18	2025-06-30 12:28:29.009296+05:30	6	Todo App	3		1	2
19	2025-06-30 12:30:37.721506+05:30	7	Linux Project Backup Script	1	[{"added": {}}]	1	2
20	2025-06-30 12:34:32.740982+05:30	8	BMI Calculator in Python	1	[{"added": {}}]	1	2
21	2025-06-30 12:35:29.780794+05:30	9	Website Title Extractor	1	[{"added": {}}]	1	2
22	2025-06-30 12:36:34.282001+05:30	10	CSV to JSON Converter	1	[{"added": {}}]	1	2
23	2025-06-30 12:37:56.170054+05:30	11	Rename .txt Files	1	[{"added": {}}]	1	2
24	2025-06-30 12:38:52.051464+05:30	12	URL Status Checker	1	[{"added": {}}]	1	2
25	2025-06-30 12:39:51.808281+05:30	13	Form Validation Script	1	[{"added": {}}]	1	2
26	2025-06-30 12:40:42.932061+05:30	14	YouTube Video Downloader	1	[{"added": {}}]	1	2
\.


--
-- Data for Name: django_content_type; Type: TABLE DATA; Schema: public; Owner: postgres
--

COPY public.django_content_type (id, app_label, model) FROM stdin;
1	main	product
2	main	productcategory
3	main	customer
4	main	customeraddress
5	main	order
6	main	orderitem
7	main	productimage
8	main	productrating
9	main	vendor
10	main	wishlist
11	admin	logentry
12	auth	permission
13	auth	group
14	auth	user
15	contenttypes	contenttype
16	sessions	session
17	token_blacklist	blacklistedtoken
18	token_blacklist	outstandingtoken
\.


--
-- Data for Name: django_migrations; Type: TABLE DATA; Schema: public; Owner: postgres
--

COPY public.django_migrations (id, app, name, applied) FROM stdin;
1	contenttypes	0001_initial	2025-06-30 01:32:33.710003+05:30
2	auth	0001_initial	2025-06-30 01:32:33.78201+05:30
3	admin	0001_initial	2025-06-30 01:32:33.803017+05:30
4	admin	0002_logentry_remove_auto_add	2025-06-30 01:32:33.809525+05:30
5	admin	0003_logentry_add_action_flag_choices	2025-06-30 01:32:33.815533+05:30
6	contenttypes	0002_remove_content_type_name	2025-06-30 01:32:33.829532+05:30
7	auth	0002_alter_permission_name_max_length	2025-06-30 01:32:33.836554+05:30
8	auth	0003_alter_user_email_max_length	2025-06-30 01:32:33.843534+05:30
9	auth	0004_alter_user_username_opts	2025-06-30 01:32:33.849051+05:30
10	auth	0005_alter_user_last_login_null	2025-06-30 01:32:33.856558+05:30
11	auth	0006_require_contenttypes_0002	2025-06-30 01:32:33.857559+05:30
12	auth	0007_alter_validators_add_error_messages	2025-06-30 01:32:33.864577+05:30
13	auth	0008_alter_user_username_max_length	2025-06-30 01:32:33.876562+05:30
14	auth	0009_alter_user_last_name_max_length	2025-06-30 01:32:33.886561+05:30
15	auth	0010_alter_group_name_max_length	2025-06-30 01:32:33.896088+05:30
16	auth	0011_update_proxy_permissions	2025-06-30 01:32:33.905083+05:30
17	auth	0012_alter_user_first_name_max_length	2025-06-30 01:32:33.912598+05:30
18	main	0001_initial	2025-06-30 01:32:34.085273+05:30
19	sessions	0001_initial	2025-06-30 01:32:34.097191+05:30
20	token_blacklist	0001_initial	2025-06-30 01:32:34.143217+05:30
21	token_blacklist	0002_outstandingtoken_jti_hex	2025-06-30 01:32:34.153212+05:30
22	token_blacklist	0003_auto_20171017_2007	2025-06-30 01:32:34.172215+05:30
23	token_blacklist	0004_auto_20171017_2013	2025-06-30 01:32:34.185216+05:30
24	token_blacklist	0005_remove_outstandingtoken_jti	2025-06-30 01:32:34.196224+05:30
25	token_blacklist	0006_auto_20171017_2113	2025-06-30 01:32:34.237733+05:30
26	token_blacklist	0007_auto_20171017_2214	2025-06-30 01:32:34.268+05:30
27	token_blacklist	0008_migrate_to_bigautofield	2025-06-30 01:32:34.314252+05:30
28	token_blacklist	0010_fix_migrate_to_bigautofield	2025-06-30 01:32:34.337255+05:30
29	token_blacklist	0011_linearizes_history	2025-06-30 01:32:34.339251+05:30
30	token_blacklist	0012_alter_outstandingtoken_user	2025-06-30 01:32:34.350333+05:30
31	main	0002_productcategory_image	2025-06-30 11:34:41.521771+05:30
\.


--
-- Data for Name: django_session; Type: TABLE DATA; Schema: public; Owner: postgres
--

COPY public.django_session (session_key, session_data, expire_date) FROM stdin;
qrjv4fj6ezmlryerm8lsoybih1k5isf3	.eJxVjMsOwiAQRf-FtSGUtjC4dO83kGFmkKqBpI-V8d-1SRe6veec-1IRt7XEbZE5TqzOyqrT75aQHlJ3wHest6ap1XWekt4VfdBFXxvL83K4fwcFl_KtUyAEh4FsRhMGETdCx-BH0w_QkYAg5p6DGyR7Y8kbBHGOGXO2BKzeH_qHONk:1uW7qA:V9ew9SQTF2ArOyfqXj_K-fNg-QWkoObOmBIpKeDSl4Q	2025-07-14 11:48:06.051461+05:30
\.


--
-- Data for Name: main_customer; Type: TABLE DATA; Schema: public; Owner: postgres
--

COPY public.main_customer (id, mobile, user_id) FROM stdin;
2	1234567890	7
\.


--
-- Data for Name: main_customeraddress; Type: TABLE DATA; Schema: public; Owner: postgres
--

COPY public.main_customeraddress (id, address, default_address, customer_id) FROM stdin;
\.


--
-- Data for Name: main_order; Type: TABLE DATA; Schema: public; Owner: postgres
--

COPY public.main_order (id, "Order_time", customer_id) FROM stdin;
1	2025-06-30 13:15:11.414221+05:30	2
2	2025-06-30 13:16:13.254598+05:30	2
\.


--
-- Data for Name: main_orderitem; Type: TABLE DATA; Schema: public; Owner: postgres
--

COPY public.main_orderitem (id, order_id, product_id) FROM stdin;
1	1	5
2	2	1
\.


--
-- Data for Name: main_product; Type: TABLE DATA; Schema: public; Owner: postgres
--

COPY public.main_product (id, title, slug, detail, price, tags, image, demo_url, file, category_id, vendor_id) FROM stdin;
1	Email Sender	email-sender	A simple Python script to send emails using SMTP. Great for automation.	99	python,email,smtp,automation	product_imgs/Gmail.png	http://localhost:3000/	scripts/email_sender.py	3	4
2	Linux User Setup Script	linux-user-setup-script	Shell script to automate user creation on a Linux system	250	bash,shell,linux,scripting	product_imgs/user_setup.jpg	\N	scripts/create_user.sh	5	2
3	JS Password Generator	js-password-generator	Generates secure random passwords in JavaScript	599	javascript,security,password	product_imgs/password_generator.jpg	\N	scripts/password_generator.js	4	3
4	Countdown Timer	countdown-timer	Simple countdown timer using Python. Easy to modify.	499	python,timer,utility	product_imgs/timercounter.png	http://localhost:3000/	scripts/countdown_timer.py	3	4
5	Todo App	todo-app	A basic frontend-only todo app to practice HTML and JS	50	javascript,frontend,html,project	product_imgs/todo_list.jpg	\N	scripts/todo.html	4	4
7	Linux Project Backup Script	linux-project-backup-script	A simple Bash script to back up your project files daily into a dated folder. It creates a directory based on the current date and copies the source directory to it.	120	"bash", "linux", "backup", "script", "automation"	product_imgs/folder_backkup.png	http://localhost:3000/	scripts/folder_backup.sh	5	4
8	BMI Calculator in Python	bmi-calculator-in-python	A simple script to calculate Body Mass Index (BMI) based on weight and height	20	"python", "health", "bmi", "calculator"	product_imgs/BMI.png	http://localhost:3000/	scripts/BMI.py	3	2
9	Website Title Extractor	website-title-extractor	Python script using BeautifulSoup to extract the title tag from a given URL	500	"python", "web scraping", "beautifulsoup", "title"	product_imgs/title_scraping.png	http://localhost:3000/	scripts/title_scraper.py	3	3
10	CSV to JSON Converter	csv-to-json-converter	Python script that converts a CSV file into a structured JSON format using the csv module.	999	"python", "csv", "json", "converter	product_imgs/csv_json.png	http://localhost:3000/	scripts/csv_json.py	3	3
11	Rename .txt Files	rename-txt-files	Bash script to batch rename .txt files to .bak.txt in the current directory	100	"bash", "linux", "rename", "automation"	product_imgs/bulk_rename.png	http://localhost:3000/	scripts/bulk_rename.sh	5	2
12	URL Status Checker	url-status-checker	Checks multiple URLs for their HTTP status using the requests library in Python	100	"python", "http", "status", "requests"	product_imgs/url_checker.jpg	http://localhost:3000/	scripts/url_cheker.py	3	3
13	Form Validation Script	form-validation-script	JavaScript function to validate that a name field is not empty before form submission	500	"javascript", "form", "validation", "frontend"	product_imgs/form_validator.png	\N	scripts/form_validator.js	4	3
14	YouTube Video Downloader	youtube-video-downloader	Download the highest resolution YouTube video using the pytube library.	250	"python", "youtube", "video", "pytube", "download"	product_imgs/youtube.png	http://localhost:3000/	scripts/youtube.py	3	3
\.


--
-- Data for Name: main_productcategory; Type: TABLE DATA; Schema: public; Owner: postgres
--

COPY public.main_productcategory (id, title, details, image) FROM stdin;
3	Python	Scripts for automation, email sending, file management, and more using Python.	category_imgs/Python.png
4	JavaScript	DSA problems, algorithm implementations, and backend tools built using JavaScript.	category_imgs/JavaScript.png
5	Linux	Shell scripts for cron jobs, server monitoring, and automation in Linux environments.	category_imgs/Linux.png
6	HTML/CSS	for ui	category_imgs/html_css.png
\.


--
-- Data for Name: main_productimage; Type: TABLE DATA; Schema: public; Owner: postgres
--

COPY public.main_productimage (id, image, product_id) FROM stdin;
\.


--
-- Data for Name: main_productrating; Type: TABLE DATA; Schema: public; Owner: postgres
--

COPY public.main_productrating (id, rating, reviews, add_time, customer_id, product_id) FROM stdin;
\.


--
-- Data for Name: main_vendor; Type: TABLE DATA; Schema: public; Owner: postgres
--

COPY public.main_vendor (id, address, user_id) FROM stdin;
2	401 , Chitrakooot Nagar , Savina	4
3	401 , Chitrakooot Nagar , Savina	5
4	401 , Chitrakooot Nagar , Savina	6
\.


--
-- Data for Name: main_wishlist; Type: TABLE DATA; Schema: public; Owner: postgres
--

COPY public.main_wishlist (id, added_on, customer_id, product_id) FROM stdin;
\.


--
-- Data for Name: token_blacklist_blacklistedtoken; Type: TABLE DATA; Schema: public; Owner: postgres
--

COPY public.token_blacklist_blacklistedtoken (id, blacklisted_at, token_id) FROM stdin;
\.


--
-- Data for Name: token_blacklist_outstandingtoken; Type: TABLE DATA; Schema: public; Owner: postgres
--

COPY public.token_blacklist_outstandingtoken (id, token, created_at, expires_at, user_id, jti) FROM stdin;
1	eyJhbGciOiJIUzI1NiIsInR5cCI6IkpXVCJ9.eyJ0b2tlbl90eXBlIjoicmVmcmVzaCIsImV4cCI6MTc1MTgzMjMyOSwiaWF0IjoxNzUxMjI3NTI5LCJqdGkiOiI1NzlhNjJmMDk1OTM0MTRmYmFmYTg5NTVhMzA4ZGFiMiIsInVzZXJfaWQiOjF9.KPQmn9HwaDLEPgZyGhavlw9GRherXpYz8xt8mZl6V6U	2025-06-30 01:35:29.427976+05:30	2025-07-07 01:35:29+05:30	\N	579a62f09593414fbafa8955a308dab2
2	eyJhbGciOiJIUzI1NiIsInR5cCI6IkpXVCJ9.eyJ0b2tlbl90eXBlIjoicmVmcmVzaCIsImV4cCI6MTc1MTg2OTQ2NSwiaWF0IjoxNzUxMjY0NjY1LCJqdGkiOiIzYjNlZWM4YTUwNTQ0MjEwYWI4NzllMzgzMGVkZDZkZSIsInVzZXJfaWQiOjN9.E2VhNjX6JGlK5xansVHRkFrmFdLPK9DEEH1EXTlfmvw	2025-06-30 11:54:25.206625+05:30	2025-07-07 11:54:25+05:30	3	3b3eec8a50544210ab879e3830edd6de
3	eyJhbGciOiJIUzI1NiIsInR5cCI6IkpXVCJ9.eyJ0b2tlbl90eXBlIjoicmVmcmVzaCIsImV4cCI6MTc1MTg3NDI3MSwiaWF0IjoxNzUxMjY5NDcxLCJqdGkiOiI4OTUwNGYxZjBmMjA0NzM3YmEwZjJlNzM4NzAzYWEyNCIsInVzZXJfaWQiOjd9.3LmMby0E-Ao-BdaMUI0HBoYqxv5H6wN4XgphsXQ6vo8	2025-06-30 13:14:31.276207+05:30	2025-07-07 13:14:31+05:30	7	89504f1f0f204737ba0f2e738703aa24
4	eyJhbGciOiJIUzI1NiIsInR5cCI6IkpXVCJ9.eyJ0b2tlbl90eXBlIjoicmVmcmVzaCIsImV4cCI6MTc1MTg3NDgyNCwiaWF0IjoxNzUxMjcwMDI0LCJqdGkiOiJmNjgxNTI4OGUxZTQ0NzRlOTFmNDM4YmE3YzQxZjk5NyIsInVzZXJfaWQiOjd9.KJ8u-ZfhfLeyHVUd6w0_NZkjUK4l7nk4wYpiLrTI6l8	2025-06-30 13:23:44.672906+05:30	2025-07-07 13:23:44+05:30	7	f6815288e1e4474e91f438ba7c41f997
5	eyJhbGciOiJIUzI1NiIsInR5cCI6IkpXVCJ9.eyJ0b2tlbl90eXBlIjoicmVmcmVzaCIsImV4cCI6MTc1MTg3NjI5MywiaWF0IjoxNzUxMjcxNDkzLCJqdGkiOiI0YmNkNTZjZjU5OGU0MDVkYWVhMjllMzYwNDYxYzA2MCIsInVzZXJfaWQiOjd9.-ss38h3ZxmzgioTwJ7T--LdL53SW2n3SatiNUBb9lWw	2025-06-30 13:48:13.351356+05:30	2025-07-07 13:48:13+05:30	7	4bcd56cf598e405daea29e360461c060
6	eyJhbGciOiJIUzI1NiIsInR5cCI6IkpXVCJ9.eyJ0b2tlbl90eXBlIjoicmVmcmVzaCIsImV4cCI6MTc1MTg3NjMzMCwiaWF0IjoxNzUxMjcxNTMwLCJqdGkiOiJjY2VjZTc1MDNhMjg0Mzg1ODVlZjRjZmIzMDkxMWNhMiIsInVzZXJfaWQiOjZ9.z89F4lKiGpNiDUhcfDyOjiMLmVhBCgcOPvk6HQNhPng	2025-06-30 13:48:50.91611+05:30	2025-07-07 13:48:50+05:30	6	ccece7503a28438585ef4cfb30911ca2
7	eyJhbGciOiJIUzI1NiIsInR5cCI6IkpXVCJ9.eyJ0b2tlbl90eXBlIjoicmVmcmVzaCIsImV4cCI6MTc1MTg4MjMxOCwiaWF0IjoxNzUxMjc3NTE4LCJqdGkiOiIzYTBlMGRlMjc3Yjk0YzQzYmI2MzM4MWU2YWEzYWQ0YSIsInVzZXJfaWQiOjd9.Qgrx3iLxvGn5OvBpQN_0dLsYeBab2X5rRNDn9cv1Pv4	2025-06-30 15:28:38.019463+05:30	2025-07-07 15:28:38+05:30	7	3a0e0de277b94c43bb63381e6aa3ad4a
8	eyJhbGciOiJIUzI1NiIsInR5cCI6IkpXVCJ9.eyJ0b2tlbl90eXBlIjoicmVmcmVzaCIsImV4cCI6MTc1MTg4MjM2OCwiaWF0IjoxNzUxMjc3NTY4LCJqdGkiOiI3NzkzYTk1MDQxNDU0YjY0OWUxYjcyNGIxMmMzNTA1YyIsInVzZXJfaWQiOjZ9.TNI8zImn1hRCC1zk0DPsh4sLoeYyCRqZsU68OmOoiwc	2025-06-30 15:29:28.786808+05:30	2025-07-07 15:29:28+05:30	6	7793a95041454b649e1b724b12c3505c
9	eyJhbGciOiJIUzI1NiIsInR5cCI6IkpXVCJ9.eyJ0b2tlbl90eXBlIjoicmVmcmVzaCIsImV4cCI6MTc1MTg4MjM3NCwiaWF0IjoxNzUxMjc3NTc0LCJqdGkiOiI5ODVjZDcwYTE5OTk0MzIzYmM2ZDQzYjEzMTA5OTE1NiIsInVzZXJfaWQiOjZ9.Py6ODIulmzIDMLnsiGBEhV4oYpnEnleMU-lbjUxtYZw	2025-06-30 15:29:34.592668+05:30	2025-07-07 15:29:34+05:30	6	985cd70a19994323bc6d43b131099156
10	eyJhbGciOiJIUzI1NiIsInR5cCI6IkpXVCJ9.eyJ0b2tlbl90eXBlIjoicmVmcmVzaCIsImV4cCI6MTc1MTg4MjM5MiwiaWF0IjoxNzUxMjc3NTkyLCJqdGkiOiIzZTNkNzFmMDViYjg0MWEwYmY4NTQ4MDkwM2ZiZGQ1OCIsInVzZXJfaWQiOjZ9.2ssbSXGPesbLxUIlhYT2cCR6CKxPkypRZL2StFQ4h6E	2025-06-30 15:29:52.941122+05:30	2025-07-07 15:29:52+05:30	6	3e3d71f05bb841a0bf85480903fbdd58
11	eyJhbGciOiJIUzI1NiIsInR5cCI6IkpXVCJ9.eyJ0b2tlbl90eXBlIjoicmVmcmVzaCIsImV4cCI6MTc1MTg4MjkyNywiaWF0IjoxNzUxMjc4MTI3LCJqdGkiOiI2YzkyZmYzNzhiNDY0NmZlYWE0MjhkYjg1N2UxNTQyNiIsInVzZXJfaWQiOjZ9.tNIMMKcqtI05kN39VkuDUFl_NJY2ww9wQmaOAHjuHd8	2025-06-30 15:38:47.433238+05:30	2025-07-07 15:38:47+05:30	6	6c92ff378b4646feaa428db857e15426
12	eyJhbGciOiJIUzI1NiIsInR5cCI6IkpXVCJ9.eyJ0b2tlbl90eXBlIjoicmVmcmVzaCIsImV4cCI6MTc1MTg4Mjk0MCwiaWF0IjoxNzUxMjc4MTQwLCJqdGkiOiI5MDcwYzIwNThkMzc0YjQwODdhN2UxOWQwODhiNzFhZSIsInVzZXJfaWQiOjd9.1cbk496pvC9wgUhZUaHt8Hp1Bo7zz0CXTASab0pB5gM	2025-06-30 15:39:00.613341+05:30	2025-07-07 15:39:00+05:30	7	9070c2058d374b4087a7e19d088b71ae
13	eyJhbGciOiJIUzI1NiIsInR5cCI6IkpXVCJ9.eyJ0b2tlbl90eXBlIjoicmVmcmVzaCIsImV4cCI6MTc1MTg4Mjk1NywiaWF0IjoxNzUxMjc4MTU3LCJqdGkiOiI1NzcwZjQ5MDRhNDM0ZjNlODFjMzk1OTUzOGQyYTM3NSIsInVzZXJfaWQiOjd9.2UDcIULbEEtV4_twnOKhn0tjvBM7paocWgdpgzdFkN4	2025-06-30 15:39:17.957847+05:30	2025-07-07 15:39:17+05:30	7	5770f4904a434f3e81c3959538d2a375
14	eyJhbGciOiJIUzI1NiIsInR5cCI6IkpXVCJ9.eyJ0b2tlbl90eXBlIjoicmVmcmVzaCIsImV4cCI6MTc1MTg4MzMzMSwiaWF0IjoxNzUxMjc4NTMxLCJqdGkiOiJiYmI4Mzc5YTEyZWM0MmFhODVlY2VkNTU1OTk4OGMxZiIsInVzZXJfaWQiOjZ9.PDaVVrBY2IZ6G15OchN70sQ6GVU5WK-MjV17iO5J4eI	2025-06-30 15:45:31.91323+05:30	2025-07-07 15:45:31+05:30	6	bbb8379a12ec42aa85eced5559988c1f
15	eyJhbGciOiJIUzI1NiIsInR5cCI6IkpXVCJ9.eyJ0b2tlbl90eXBlIjoicmVmcmVzaCIsImV4cCI6MTc1MTg4MzgzNCwiaWF0IjoxNzUxMjc5MDM0LCJqdGkiOiJkM2EyMGJmYjljMWM0MDA1YmM0MjU3N2ZjM2ZiZmY4ZiIsInVzZXJfaWQiOjd9.uyfCJAt68-0Lyd6S-C7_aiYiKZk9VDwgOhxbXEnklHU	2025-06-30 15:53:54.539512+05:30	2025-07-07 15:53:54+05:30	7	d3a20bfb9c1c4005bc42577fc3fbff8f
16	eyJhbGciOiJIUzI1NiIsInR5cCI6IkpXVCJ9.eyJ0b2tlbl90eXBlIjoicmVmcmVzaCIsImV4cCI6MTc1MTg4MzkyNiwiaWF0IjoxNzUxMjc5MTI2LCJqdGkiOiJkYWY0M2M5ZDhjY2Y0NDc3YTg2MjI1MDRkYzU3NjY5MyIsInVzZXJfaWQiOjZ9.hHZ_Xezmq0lRRW4sy03F6nk_QMfg7yJ2eD1AMD7G4TU	2025-06-30 15:55:26.421437+05:30	2025-07-07 15:55:26+05:30	6	daf43c9d8ccf4477a8622504dc576693
17	eyJhbGciOiJIUzI1NiIsInR5cCI6IkpXVCJ9.eyJ0b2tlbl90eXBlIjoicmVmcmVzaCIsImV4cCI6MTc1MTg4Mzk0MywiaWF0IjoxNzUxMjc5MTQzLCJqdGkiOiIzOTFmMGM4YzAzNTU0OGI2OWQxNzMyNmNiMDVlNjY2OCIsInVzZXJfaWQiOjZ9.NrfyXWxpHdX5nU_E8k-hV8Yx7NH8gYHz9Hgwpn-BzYY	2025-06-30 15:55:43.970371+05:30	2025-07-07 15:55:43+05:30	6	391f0c8c035548b69d17326cb05e6668
18	eyJhbGciOiJIUzI1NiIsInR5cCI6IkpXVCJ9.eyJ0b2tlbl90eXBlIjoicmVmcmVzaCIsImV4cCI6MTc1MTg5MTAxNCwiaWF0IjoxNzUxMjg2MjE0LCJqdGkiOiIyN2NkNmIwOWM5NTc0OTA1ODFjMTgyNmMxMWRiZGU1ZCIsInVzZXJfaWQiOjd9.W3s89OUICmfH0-3NrxP3yiC2ZywfRAtAwvFednE_lWE	2025-06-30 17:53:34.326858+05:30	2025-07-07 17:53:34+05:30	7	27cd6b09c957490581c1826c11dbde5d
19	eyJhbGciOiJIUzI1NiIsInR5cCI6IkpXVCJ9.eyJ0b2tlbl90eXBlIjoicmVmcmVzaCIsImV4cCI6MTc1MTg5MTM4NSwiaWF0IjoxNzUxMjg2NTg1LCJqdGkiOiI0MjczMGMzZTFmZjg0ZjA4OTQzODU4MDAyNzAyMzdkNCIsInVzZXJfaWQiOjd9.ge53F8WgOmS-0IG7w3Qg683HXsRyns-HKQXnNg8OprY	2025-06-30 17:59:45.540664+05:30	2025-07-07 17:59:45+05:30	7	42730c3e1ff84f0894385800270237d4
20	eyJhbGciOiJIUzI1NiIsInR5cCI6IkpXVCJ9.eyJ0b2tlbl90eXBlIjoicmVmcmVzaCIsImV4cCI6MTc1MTg5MTkyNCwiaWF0IjoxNzUxMjg3MTI0LCJqdGkiOiJjOTA0MzkyY2Q4MDE0NDljYTc1Y2Y5YjEzMzZjM2IyZSIsInVzZXJfaWQiOjd9.3wJ49VqmwzV4JN5LbLjWFIGhOxbP5WYWWqGpOMqYKjA	2025-06-30 18:08:44.793706+05:30	2025-07-07 18:08:44+05:30	7	c904392cd801449ca75cf9b1336c3b2e
21	eyJhbGciOiJIUzI1NiIsInR5cCI6IkpXVCJ9.eyJ0b2tlbl90eXBlIjoicmVmcmVzaCIsImV4cCI6MTc1MTkxMDc0NiwiaWF0IjoxNzUxMzA1OTQ2LCJqdGkiOiIxZDk5MWE0YjgwODE0MTUwOTc4NjJiMjI0NDM5MjYwNiIsInVzZXJfaWQiOjZ9.G5OKFtaGpVrPKTQNLlV5SptwcPj7qrNE3QO1HaKmB-U	2025-06-30 23:22:26.038542+05:30	2025-07-07 23:22:26+05:30	6	1d991a4b8081415097862b2244392606
22	eyJhbGciOiJIUzI1NiIsInR5cCI6IkpXVCJ9.eyJ0b2tlbl90eXBlIjoicmVmcmVzaCIsImV4cCI6MTc1MTkxMTE0MywiaWF0IjoxNzUxMzA2MzQzLCJqdGkiOiI1NzdkYjdjMGZkZjY0MDAzYWQ3NzA5NGMxMTNmMDBhNCIsInVzZXJfaWQiOjZ9.UxPs6lKfjgjLW6GXqkgB_NFvenBBCpXpFhEIQF-bvB8	2025-06-30 23:29:03.879302+05:30	2025-07-07 23:29:03+05:30	6	577db7c0fdf64003ad77094c113f00a4
23	eyJhbGciOiJIUzI1NiIsInR5cCI6IkpXVCJ9.eyJ0b2tlbl90eXBlIjoicmVmcmVzaCIsImV4cCI6MTc1MTkxMTMyOCwiaWF0IjoxNzUxMzA2NTI4LCJqdGkiOiI1NjU2ZmNiMzBjZmQ0ZDY3ODEzYTYwODlhN2M4YjI2YSIsInVzZXJfaWQiOjZ9.4YgYjmSXnzXlnguIlO2xhX2DVSN8kjqfYkEB_2W9Prw	2025-06-30 23:32:08.056012+05:30	2025-07-07 23:32:08+05:30	6	5656fcb30cfd4d67813a6089a7c8b26a
24	eyJhbGciOiJIUzI1NiIsInR5cCI6IkpXVCJ9.eyJ0b2tlbl90eXBlIjoicmVmcmVzaCIsImV4cCI6MTc1MTkxMTM1OSwiaWF0IjoxNzUxMzA2NTU5LCJqdGkiOiIxNWE4NmQ0ZTZiMDg0NWFmYTZjZmI5M2FjZDhmYmZhOSIsInVzZXJfaWQiOjd9.C5PFe7hgk1F_E3Bhs1HwFIGtFHzhdLEplXI5RO67jpI	2025-06-30 23:32:39.486253+05:30	2025-07-07 23:32:39+05:30	7	15a86d4e6b0845afa6cfb93acd8fbfa9
25	eyJhbGciOiJIUzI1NiIsInR5cCI6IkpXVCJ9.eyJ0b2tlbl90eXBlIjoicmVmcmVzaCIsImV4cCI6MTc1MTkxMTQxOSwiaWF0IjoxNzUxMzA2NjE5LCJqdGkiOiI2NWNjNTIxNzBmOTU0MmQ0YjhiNzZjYWFjNzVlZTgzYyIsInVzZXJfaWQiOjd9.rzxJvQEA6wAcViHb0BsNXzFnPkdQTxjOVj0sfMlObiw	2025-06-30 23:33:39.376294+05:30	2025-07-07 23:33:39+05:30	7	65cc52170f9542d4b8b76caac75ee83c
26	eyJhbGciOiJIUzI1NiIsInR5cCI6IkpXVCJ9.eyJ0b2tlbl90eXBlIjoicmVmcmVzaCIsImV4cCI6MTc1MTkxMTQ3NCwiaWF0IjoxNzUxMzA2Njc0LCJqdGkiOiJhY2Q3NGUxMmY4ZGM0ZTQzYmU3MmUzODkzYTY4ODE2ZiIsInVzZXJfaWQiOjZ9.yENHqkHhJ5ntUhGxr7V2B0w712wt-TSrjzI73_yvQ2E	2025-06-30 23:34:34.73811+05:30	2025-07-07 23:34:34+05:30	6	acd74e12f8dc4e43be72e3893a68816f
27	eyJhbGciOiJIUzI1NiIsInR5cCI6IkpXVCJ9.eyJ0b2tlbl90eXBlIjoicmVmcmVzaCIsImV4cCI6MTc1MTkxMTU2NSwiaWF0IjoxNzUxMzA2NzY1LCJqdGkiOiIwNGVhMzgwNzQyZGY0OWFjOWY4NGMyZWU0NmQ3YTNjNCIsInVzZXJfaWQiOjZ9.VoWLrQpaao0Pq9fZtpiy5DfQySNnf6JJJIL4-k0HYvY	2025-06-30 23:36:05.791416+05:30	2025-07-07 23:36:05+05:30	6	04ea380742df49ac9f84c2ee46d7a3c4
28	eyJhbGciOiJIUzI1NiIsInR5cCI6IkpXVCJ9.eyJ0b2tlbl90eXBlIjoicmVmcmVzaCIsImV4cCI6MTc1MTkxMTU4MSwiaWF0IjoxNzUxMzA2NzgxLCJqdGkiOiI4NTk3Y2YzOTkxZDc0MTQ4ODg4N2YyOTUyNjgzZWJkOCIsInVzZXJfaWQiOjd9.NXB1oNaP8d-xM4R2QUuiSHZ4WGt-JJBf1ngd2CC_9qU	2025-06-30 23:36:21.198711+05:30	2025-07-07 23:36:21+05:30	7	8597cf3991d741488887f2952683ebd8
29	eyJhbGciOiJIUzI1NiIsInR5cCI6IkpXVCJ9.eyJ0b2tlbl90eXBlIjoicmVmcmVzaCIsImV4cCI6MTc1MTkxNTU4NywiaWF0IjoxNzUxMzEwNzg3LCJqdGkiOiIxMmFlMWJkZThiNjA0NDc1OGE5YTg3YTNmNWUzMTZlOCIsInVzZXJfaWQiOjZ9.doxbfLcQ46YGlZaSvS7F0BWvws3S7q6vPx7Uf7tTKXI	2025-07-01 00:43:07.649371+05:30	2025-07-08 00:43:07+05:30	6	12ae1bde8b6044758a9a87a3f5e316e8
\.


--
-- Name: auth_group_id_seq; Type: SEQUENCE SET; Schema: public; Owner: postgres
--

SELECT pg_catalog.setval('public.auth_group_id_seq', 1, false);


--
-- Name: auth_group_permissions_id_seq; Type: SEQUENCE SET; Schema: public; Owner: postgres
--

SELECT pg_catalog.setval('public.auth_group_permissions_id_seq', 1, false);


--
-- Name: auth_permission_id_seq; Type: SEQUENCE SET; Schema: public; Owner: postgres
--

SELECT pg_catalog.setval('public.auth_permission_id_seq', 72, true);


--
-- Name: auth_user_groups_id_seq; Type: SEQUENCE SET; Schema: public; Owner: postgres
--

SELECT pg_catalog.setval('public.auth_user_groups_id_seq', 1, false);


--
-- Name: auth_user_id_seq; Type: SEQUENCE SET; Schema: public; Owner: postgres
--

SELECT pg_catalog.setval('public.auth_user_id_seq', 7, true);


--
-- Name: auth_user_user_permissions_id_seq; Type: SEQUENCE SET; Schema: public; Owner: postgres
--

SELECT pg_catalog.setval('public.auth_user_user_permissions_id_seq', 1, false);


--
-- Name: django_admin_log_id_seq; Type: SEQUENCE SET; Schema: public; Owner: postgres
--

SELECT pg_catalog.setval('public.django_admin_log_id_seq', 26, true);


--
-- Name: django_content_type_id_seq; Type: SEQUENCE SET; Schema: public; Owner: postgres
--

SELECT pg_catalog.setval('public.django_content_type_id_seq', 18, true);


--
-- Name: django_migrations_id_seq; Type: SEQUENCE SET; Schema: public; Owner: postgres
--

SELECT pg_catalog.setval('public.django_migrations_id_seq', 31, true);


--
-- Name: main_customer_id_seq; Type: SEQUENCE SET; Schema: public; Owner: postgres
--

SELECT pg_catalog.setval('public.main_customer_id_seq', 2, true);


--
-- Name: main_customeraddress_id_seq; Type: SEQUENCE SET; Schema: public; Owner: postgres
--

SELECT pg_catalog.setval('public.main_customeraddress_id_seq', 1, false);


--
-- Name: main_order_id_seq; Type: SEQUENCE SET; Schema: public; Owner: postgres
--

SELECT pg_catalog.setval('public.main_order_id_seq', 2, true);


--
-- Name: main_orderitem_id_seq; Type: SEQUENCE SET; Schema: public; Owner: postgres
--

SELECT pg_catalog.setval('public.main_orderitem_id_seq', 2, true);


--
-- Name: main_product_id_seq; Type: SEQUENCE SET; Schema: public; Owner: postgres
--

SELECT pg_catalog.setval('public.main_product_id_seq', 17, true);


--
-- Name: main_productcategory_id_seq; Type: SEQUENCE SET; Schema: public; Owner: postgres
--

SELECT pg_catalog.setval('public.main_productcategory_id_seq', 6, true);


--
-- Name: main_productimage_id_seq; Type: SEQUENCE SET; Schema: public; Owner: postgres
--

SELECT pg_catalog.setval('public.main_productimage_id_seq', 1, false);


--
-- Name: main_productrating_id_seq; Type: SEQUENCE SET; Schema: public; Owner: postgres
--

SELECT pg_catalog.setval('public.main_productrating_id_seq', 1, false);


--
-- Name: main_vendor_id_seq; Type: SEQUENCE SET; Schema: public; Owner: postgres
--

SELECT pg_catalog.setval('public.main_vendor_id_seq', 4, true);


--
-- Name: main_wishlist_id_seq; Type: SEQUENCE SET; Schema: public; Owner: postgres
--

SELECT pg_catalog.setval('public.main_wishlist_id_seq', 16, true);


--
-- Name: token_blacklist_blacklistedtoken_id_seq; Type: SEQUENCE SET; Schema: public; Owner: postgres
--

SELECT pg_catalog.setval('public.token_blacklist_blacklistedtoken_id_seq', 1, false);


--
-- Name: token_blacklist_outstandingtoken_id_seq; Type: SEQUENCE SET; Schema: public; Owner: postgres
--

SELECT pg_catalog.setval('public.token_blacklist_outstandingtoken_id_seq', 29, true);


--
-- Name: auth_group auth_group_name_key; Type: CONSTRAINT; Schema: public; Owner: postgres
--

ALTER TABLE ONLY public.auth_group
    ADD CONSTRAINT auth_group_name_key UNIQUE (name);


--
-- Name: auth_group_permissions auth_group_permissions_group_id_permission_id_0cd325b0_uniq; Type: CONSTRAINT; Schema: public; Owner: postgres
--

ALTER TABLE ONLY public.auth_group_permissions
    ADD CONSTRAINT auth_group_permissions_group_id_permission_id_0cd325b0_uniq UNIQUE (group_id, permission_id);


--
-- Name: auth_group_permissions auth_group_permissions_pkey; Type: CONSTRAINT; Schema: public; Owner: postgres
--

ALTER TABLE ONLY public.auth_group_permissions
    ADD CONSTRAINT auth_group_permissions_pkey PRIMARY KEY (id);


--
-- Name: auth_group auth_group_pkey; Type: CONSTRAINT; Schema: public; Owner: postgres
--

ALTER TABLE ONLY public.auth_group
    ADD CONSTRAINT auth_group_pkey PRIMARY KEY (id);


--
-- Name: auth_permission auth_permission_content_type_id_codename_01ab375a_uniq; Type: CONSTRAINT; Schema: public; Owner: postgres
--

ALTER TABLE ONLY public.auth_permission
    ADD CONSTRAINT auth_permission_content_type_id_codename_01ab375a_uniq UNIQUE (content_type_id, codename);


--
-- Name: auth_permission auth_permission_pkey; Type: CONSTRAINT; Schema: public; Owner: postgres
--

ALTER TABLE ONLY public.auth_permission
    ADD CONSTRAINT auth_permission_pkey PRIMARY KEY (id);


--
-- Name: auth_user_groups auth_user_groups_pkey; Type: CONSTRAINT; Schema: public; Owner: postgres
--

ALTER TABLE ONLY public.auth_user_groups
    ADD CONSTRAINT auth_user_groups_pkey PRIMARY KEY (id);


--
-- Name: auth_user_groups auth_user_groups_user_id_group_id_94350c0c_uniq; Type: CONSTRAINT; Schema: public; Owner: postgres
--

ALTER TABLE ONLY public.auth_user_groups
    ADD CONSTRAINT auth_user_groups_user_id_group_id_94350c0c_uniq UNIQUE (user_id, group_id);


--
-- Name: auth_user auth_user_pkey; Type: CONSTRAINT; Schema: public; Owner: postgres
--

ALTER TABLE ONLY public.auth_user
    ADD CONSTRAINT auth_user_pkey PRIMARY KEY (id);


--
-- Name: auth_user_user_permissions auth_user_user_permissions_pkey; Type: CONSTRAINT; Schema: public; Owner: postgres
--

ALTER TABLE ONLY public.auth_user_user_permissions
    ADD CONSTRAINT auth_user_user_permissions_pkey PRIMARY KEY (id);


--
-- Name: auth_user_user_permissions auth_user_user_permissions_user_id_permission_id_14a6b632_uniq; Type: CONSTRAINT; Schema: public; Owner: postgres
--

ALTER TABLE ONLY public.auth_user_user_permissions
    ADD CONSTRAINT auth_user_user_permissions_user_id_permission_id_14a6b632_uniq UNIQUE (user_id, permission_id);


--
-- Name: auth_user auth_user_username_key; Type: CONSTRAINT; Schema: public; Owner: postgres
--

ALTER TABLE ONLY public.auth_user
    ADD CONSTRAINT auth_user_username_key UNIQUE (username);


--
-- Name: django_admin_log django_admin_log_pkey; Type: CONSTRAINT; Schema: public; Owner: postgres
--

ALTER TABLE ONLY public.django_admin_log
    ADD CONSTRAINT django_admin_log_pkey PRIMARY KEY (id);


--
-- Name: django_content_type django_content_type_app_label_model_76bd3d3b_uniq; Type: CONSTRAINT; Schema: public; Owner: postgres
--

ALTER TABLE ONLY public.django_content_type
    ADD CONSTRAINT django_content_type_app_label_model_76bd3d3b_uniq UNIQUE (app_label, model);


--
-- Name: django_content_type django_content_type_pkey; Type: CONSTRAINT; Schema: public; Owner: postgres
--

ALTER TABLE ONLY public.django_content_type
    ADD CONSTRAINT django_content_type_pkey PRIMARY KEY (id);


--
-- Name: django_migrations django_migrations_pkey; Type: CONSTRAINT; Schema: public; Owner: postgres
--

ALTER TABLE ONLY public.django_migrations
    ADD CONSTRAINT django_migrations_pkey PRIMARY KEY (id);


--
-- Name: django_session django_session_pkey; Type: CONSTRAINT; Schema: public; Owner: postgres
--

ALTER TABLE ONLY public.django_session
    ADD CONSTRAINT django_session_pkey PRIMARY KEY (session_key);


--
-- Name: main_customer main_customer_pkey; Type: CONSTRAINT; Schema: public; Owner: postgres
--

ALTER TABLE ONLY public.main_customer
    ADD CONSTRAINT main_customer_pkey PRIMARY KEY (id);


--
-- Name: main_customeraddress main_customeraddress_pkey; Type: CONSTRAINT; Schema: public; Owner: postgres
--

ALTER TABLE ONLY public.main_customeraddress
    ADD CONSTRAINT main_customeraddress_pkey PRIMARY KEY (id);


--
-- Name: main_order main_order_pkey; Type: CONSTRAINT; Schema: public; Owner: postgres
--

ALTER TABLE ONLY public.main_order
    ADD CONSTRAINT main_order_pkey PRIMARY KEY (id);


--
-- Name: main_orderitem main_orderitem_pkey; Type: CONSTRAINT; Schema: public; Owner: postgres
--

ALTER TABLE ONLY public.main_orderitem
    ADD CONSTRAINT main_orderitem_pkey PRIMARY KEY (id);


--
-- Name: main_product main_product_pkey; Type: CONSTRAINT; Schema: public; Owner: postgres
--

ALTER TABLE ONLY public.main_product
    ADD CONSTRAINT main_product_pkey PRIMARY KEY (id);


--
-- Name: main_product main_product_slug_key; Type: CONSTRAINT; Schema: public; Owner: postgres
--

ALTER TABLE ONLY public.main_product
    ADD CONSTRAINT main_product_slug_key UNIQUE (slug);


--
-- Name: main_productcategory main_productcategory_pkey; Type: CONSTRAINT; Schema: public; Owner: postgres
--

ALTER TABLE ONLY public.main_productcategory
    ADD CONSTRAINT main_productcategory_pkey PRIMARY KEY (id);


--
-- Name: main_productimage main_productimage_pkey; Type: CONSTRAINT; Schema: public; Owner: postgres
--

ALTER TABLE ONLY public.main_productimage
    ADD CONSTRAINT main_productimage_pkey PRIMARY KEY (id);


--
-- Name: main_productrating main_productrating_pkey; Type: CONSTRAINT; Schema: public; Owner: postgres
--

ALTER TABLE ONLY public.main_productrating
    ADD CONSTRAINT main_productrating_pkey PRIMARY KEY (id);


--
-- Name: main_vendor main_vendor_pkey; Type: CONSTRAINT; Schema: public; Owner: postgres
--

ALTER TABLE ONLY public.main_vendor
    ADD CONSTRAINT main_vendor_pkey PRIMARY KEY (id);


--
-- Name: main_wishlist main_wishlist_customer_id_product_id_761d511e_uniq; Type: CONSTRAINT; Schema: public; Owner: postgres
--

ALTER TABLE ONLY public.main_wishlist
    ADD CONSTRAINT main_wishlist_customer_id_product_id_761d511e_uniq UNIQUE (customer_id, product_id);


--
-- Name: main_wishlist main_wishlist_pkey; Type: CONSTRAINT; Schema: public; Owner: postgres
--

ALTER TABLE ONLY public.main_wishlist
    ADD CONSTRAINT main_wishlist_pkey PRIMARY KEY (id);


--
-- Name: token_blacklist_blacklistedtoken token_blacklist_blacklistedtoken_pkey; Type: CONSTRAINT; Schema: public; Owner: postgres
--

ALTER TABLE ONLY public.token_blacklist_blacklistedtoken
    ADD CONSTRAINT token_blacklist_blacklistedtoken_pkey PRIMARY KEY (id);


--
-- Name: token_blacklist_blacklistedtoken token_blacklist_blacklistedtoken_token_id_key; Type: CONSTRAINT; Schema: public; Owner: postgres
--

ALTER TABLE ONLY public.token_blacklist_blacklistedtoken
    ADD CONSTRAINT token_blacklist_blacklistedtoken_token_id_key UNIQUE (token_id);


--
-- Name: token_blacklist_outstandingtoken token_blacklist_outstandingtoken_jti_hex_d9bdf6f7_uniq; Type: CONSTRAINT; Schema: public; Owner: postgres
--

ALTER TABLE ONLY public.token_blacklist_outstandingtoken
    ADD CONSTRAINT token_blacklist_outstandingtoken_jti_hex_d9bdf6f7_uniq UNIQUE (jti);


--
-- Name: token_blacklist_outstandingtoken token_blacklist_outstandingtoken_pkey; Type: CONSTRAINT; Schema: public; Owner: postgres
--

ALTER TABLE ONLY public.token_blacklist_outstandingtoken
    ADD CONSTRAINT token_blacklist_outstandingtoken_pkey PRIMARY KEY (id);


--
-- Name: auth_group_name_a6ea08ec_like; Type: INDEX; Schema: public; Owner: postgres
--

CREATE INDEX auth_group_name_a6ea08ec_like ON public.auth_group USING btree (name varchar_pattern_ops);


--
-- Name: auth_group_permissions_group_id_b120cbf9; Type: INDEX; Schema: public; Owner: postgres
--

CREATE INDEX auth_group_permissions_group_id_b120cbf9 ON public.auth_group_permissions USING btree (group_id);


--
-- Name: auth_group_permissions_permission_id_84c5c92e; Type: INDEX; Schema: public; Owner: postgres
--

CREATE INDEX auth_group_permissions_permission_id_84c5c92e ON public.auth_group_permissions USING btree (permission_id);


--
-- Name: auth_permission_content_type_id_2f476e4b; Type: INDEX; Schema: public; Owner: postgres
--

CREATE INDEX auth_permission_content_type_id_2f476e4b ON public.auth_permission USING btree (content_type_id);


--
-- Name: auth_user_groups_group_id_97559544; Type: INDEX; Schema: public; Owner: postgres
--

CREATE INDEX auth_user_groups_group_id_97559544 ON public.auth_user_groups USING btree (group_id);


--
-- Name: auth_user_groups_user_id_6a12ed8b; Type: INDEX; Schema: public; Owner: postgres
--

CREATE INDEX auth_user_groups_user_id_6a12ed8b ON public.auth_user_groups USING btree (user_id);


--
-- Name: auth_user_user_permissions_permission_id_1fbb5f2c; Type: INDEX; Schema: public; Owner: postgres
--

CREATE INDEX auth_user_user_permissions_permission_id_1fbb5f2c ON public.auth_user_user_permissions USING btree (permission_id);


--
-- Name: auth_user_user_permissions_user_id_a95ead1b; Type: INDEX; Schema: public; Owner: postgres
--

CREATE INDEX auth_user_user_permissions_user_id_a95ead1b ON public.auth_user_user_permissions USING btree (user_id);


--
-- Name: auth_user_username_6821ab7c_like; Type: INDEX; Schema: public; Owner: postgres
--

CREATE INDEX auth_user_username_6821ab7c_like ON public.auth_user USING btree (username varchar_pattern_ops);


--
-- Name: django_admin_log_content_type_id_c4bce8eb; Type: INDEX; Schema: public; Owner: postgres
--

CREATE INDEX django_admin_log_content_type_id_c4bce8eb ON public.django_admin_log USING btree (content_type_id);


--
-- Name: django_admin_log_user_id_c564eba6; Type: INDEX; Schema: public; Owner: postgres
--

CREATE INDEX django_admin_log_user_id_c564eba6 ON public.django_admin_log USING btree (user_id);


--
-- Name: django_session_expire_date_a5c62663; Type: INDEX; Schema: public; Owner: postgres
--

CREATE INDEX django_session_expire_date_a5c62663 ON public.django_session USING btree (expire_date);


--
-- Name: django_session_session_key_c0390e0f_like; Type: INDEX; Schema: public; Owner: postgres
--

CREATE INDEX django_session_session_key_c0390e0f_like ON public.django_session USING btree (session_key varchar_pattern_ops);


--
-- Name: main_customer_user_id_19b4dfa5; Type: INDEX; Schema: public; Owner: postgres
--

CREATE INDEX main_customer_user_id_19b4dfa5 ON public.main_customer USING btree (user_id);


--
-- Name: main_customeraddress_customer_id_4cc6b34e; Type: INDEX; Schema: public; Owner: postgres
--

CREATE INDEX main_customeraddress_customer_id_4cc6b34e ON public.main_customeraddress USING btree (customer_id);


--
-- Name: main_order_customer_id_73911006; Type: INDEX; Schema: public; Owner: postgres
--

CREATE INDEX main_order_customer_id_73911006 ON public.main_order USING btree (customer_id);


--
-- Name: main_orderitem_order_id_72ea9725; Type: INDEX; Schema: public; Owner: postgres
--

CREATE INDEX main_orderitem_order_id_72ea9725 ON public.main_orderitem USING btree (order_id);


--
-- Name: main_orderitem_product_id_b90dba64; Type: INDEX; Schema: public; Owner: postgres
--

CREATE INDEX main_orderitem_product_id_b90dba64 ON public.main_orderitem USING btree (product_id);


--
-- Name: main_product_category_id_c0d90f41; Type: INDEX; Schema: public; Owner: postgres
--

CREATE INDEX main_product_category_id_c0d90f41 ON public.main_product USING btree (category_id);


--
-- Name: main_product_slug_85058272_like; Type: INDEX; Schema: public; Owner: postgres
--

CREATE INDEX main_product_slug_85058272_like ON public.main_product USING btree (slug varchar_pattern_ops);


--
-- Name: main_product_vendor_id_34ac7c86; Type: INDEX; Schema: public; Owner: postgres
--

CREATE INDEX main_product_vendor_id_34ac7c86 ON public.main_product USING btree (vendor_id);


--
-- Name: main_productimage_product_id_7c7e66ae; Type: INDEX; Schema: public; Owner: postgres
--

CREATE INDEX main_productimage_product_id_7c7e66ae ON public.main_productimage USING btree (product_id);


--
-- Name: main_productrating_customer_id_b0b6b50c; Type: INDEX; Schema: public; Owner: postgres
--

CREATE INDEX main_productrating_customer_id_b0b6b50c ON public.main_productrating USING btree (customer_id);


--
-- Name: main_productrating_product_id_9adac0ca; Type: INDEX; Schema: public; Owner: postgres
--

CREATE INDEX main_productrating_product_id_9adac0ca ON public.main_productrating USING btree (product_id);


--
-- Name: main_vendor_user_id_a0af8030; Type: INDEX; Schema: public; Owner: postgres
--

CREATE INDEX main_vendor_user_id_a0af8030 ON public.main_vendor USING btree (user_id);


--
-- Name: main_wishlist_customer_id_5d6c2ad2; Type: INDEX; Schema: public; Owner: postgres
--

CREATE INDEX main_wishlist_customer_id_5d6c2ad2 ON public.main_wishlist USING btree (customer_id);


--
-- Name: main_wishlist_product_id_3a112506; Type: INDEX; Schema: public; Owner: postgres
--

CREATE INDEX main_wishlist_product_id_3a112506 ON public.main_wishlist USING btree (product_id);


--
-- Name: token_blacklist_outstandingtoken_jti_hex_d9bdf6f7_like; Type: INDEX; Schema: public; Owner: postgres
--

CREATE INDEX token_blacklist_outstandingtoken_jti_hex_d9bdf6f7_like ON public.token_blacklist_outstandingtoken USING btree (jti varchar_pattern_ops);


--
-- Name: token_blacklist_outstandingtoken_user_id_83bc629a; Type: INDEX; Schema: public; Owner: postgres
--

CREATE INDEX token_blacklist_outstandingtoken_user_id_83bc629a ON public.token_blacklist_outstandingtoken USING btree (user_id);


--
-- Name: auth_group_permissions auth_group_permissio_permission_id_84c5c92e_fk_auth_perm; Type: FK CONSTRAINT; Schema: public; Owner: postgres
--

ALTER TABLE ONLY public.auth_group_permissions
    ADD CONSTRAINT auth_group_permissio_permission_id_84c5c92e_fk_auth_perm FOREIGN KEY (permission_id) REFERENCES public.auth_permission(id) DEFERRABLE INITIALLY DEFERRED;


--
-- Name: auth_group_permissions auth_group_permissions_group_id_b120cbf9_fk_auth_group_id; Type: FK CONSTRAINT; Schema: public; Owner: postgres
--

ALTER TABLE ONLY public.auth_group_permissions
    ADD CONSTRAINT auth_group_permissions_group_id_b120cbf9_fk_auth_group_id FOREIGN KEY (group_id) REFERENCES public.auth_group(id) DEFERRABLE INITIALLY DEFERRED;


--
-- Name: auth_permission auth_permission_content_type_id_2f476e4b_fk_django_co; Type: FK CONSTRAINT; Schema: public; Owner: postgres
--

ALTER TABLE ONLY public.auth_permission
    ADD CONSTRAINT auth_permission_content_type_id_2f476e4b_fk_django_co FOREIGN KEY (content_type_id) REFERENCES public.django_content_type(id) DEFERRABLE INITIALLY DEFERRED;


--
-- Name: auth_user_groups auth_user_groups_group_id_97559544_fk_auth_group_id; Type: FK CONSTRAINT; Schema: public; Owner: postgres
--

ALTER TABLE ONLY public.auth_user_groups
    ADD CONSTRAINT auth_user_groups_group_id_97559544_fk_auth_group_id FOREIGN KEY (group_id) REFERENCES public.auth_group(id) DEFERRABLE INITIALLY DEFERRED;


--
-- Name: auth_user_groups auth_user_groups_user_id_6a12ed8b_fk_auth_user_id; Type: FK CONSTRAINT; Schema: public; Owner: postgres
--

ALTER TABLE ONLY public.auth_user_groups
    ADD CONSTRAINT auth_user_groups_user_id_6a12ed8b_fk_auth_user_id FOREIGN KEY (user_id) REFERENCES public.auth_user(id) DEFERRABLE INITIALLY DEFERRED;


--
-- Name: auth_user_user_permissions auth_user_user_permi_permission_id_1fbb5f2c_fk_auth_perm; Type: FK CONSTRAINT; Schema: public; Owner: postgres
--

ALTER TABLE ONLY public.auth_user_user_permissions
    ADD CONSTRAINT auth_user_user_permi_permission_id_1fbb5f2c_fk_auth_perm FOREIGN KEY (permission_id) REFERENCES public.auth_permission(id) DEFERRABLE INITIALLY DEFERRED;


--
-- Name: auth_user_user_permissions auth_user_user_permissions_user_id_a95ead1b_fk_auth_user_id; Type: FK CONSTRAINT; Schema: public; Owner: postgres
--

ALTER TABLE ONLY public.auth_user_user_permissions
    ADD CONSTRAINT auth_user_user_permissions_user_id_a95ead1b_fk_auth_user_id FOREIGN KEY (user_id) REFERENCES public.auth_user(id) DEFERRABLE INITIALLY DEFERRED;


--
-- Name: django_admin_log django_admin_log_content_type_id_c4bce8eb_fk_django_co; Type: FK CONSTRAINT; Schema: public; Owner: postgres
--

ALTER TABLE ONLY public.django_admin_log
    ADD CONSTRAINT django_admin_log_content_type_id_c4bce8eb_fk_django_co FOREIGN KEY (content_type_id) REFERENCES public.django_content_type(id) DEFERRABLE INITIALLY DEFERRED;


--
-- Name: django_admin_log django_admin_log_user_id_c564eba6_fk_auth_user_id; Type: FK CONSTRAINT; Schema: public; Owner: postgres
--

ALTER TABLE ONLY public.django_admin_log
    ADD CONSTRAINT django_admin_log_user_id_c564eba6_fk_auth_user_id FOREIGN KEY (user_id) REFERENCES public.auth_user(id) DEFERRABLE INITIALLY DEFERRED;


--
-- Name: main_customer main_customer_user_id_19b4dfa5_fk_auth_user_id; Type: FK CONSTRAINT; Schema: public; Owner: postgres
--

ALTER TABLE ONLY public.main_customer
    ADD CONSTRAINT main_customer_user_id_19b4dfa5_fk_auth_user_id FOREIGN KEY (user_id) REFERENCES public.auth_user(id) DEFERRABLE INITIALLY DEFERRED;


--
-- Name: main_customeraddress main_customeraddress_customer_id_4cc6b34e_fk_main_customer_id; Type: FK CONSTRAINT; Schema: public; Owner: postgres
--

ALTER TABLE ONLY public.main_customeraddress
    ADD CONSTRAINT main_customeraddress_customer_id_4cc6b34e_fk_main_customer_id FOREIGN KEY (customer_id) REFERENCES public.main_customer(id) DEFERRABLE INITIALLY DEFERRED;


--
-- Name: main_order main_order_customer_id_73911006_fk_main_customer_id; Type: FK CONSTRAINT; Schema: public; Owner: postgres
--

ALTER TABLE ONLY public.main_order
    ADD CONSTRAINT main_order_customer_id_73911006_fk_main_customer_id FOREIGN KEY (customer_id) REFERENCES public.main_customer(id) DEFERRABLE INITIALLY DEFERRED;


--
-- Name: main_orderitem main_orderitem_order_id_72ea9725_fk_main_order_id; Type: FK CONSTRAINT; Schema: public; Owner: postgres
--

ALTER TABLE ONLY public.main_orderitem
    ADD CONSTRAINT main_orderitem_order_id_72ea9725_fk_main_order_id FOREIGN KEY (order_id) REFERENCES public.main_order(id) DEFERRABLE INITIALLY DEFERRED;


--
-- Name: main_orderitem main_orderitem_product_id_b90dba64_fk_main_product_id; Type: FK CONSTRAINT; Schema: public; Owner: postgres
--

ALTER TABLE ONLY public.main_orderitem
    ADD CONSTRAINT main_orderitem_product_id_b90dba64_fk_main_product_id FOREIGN KEY (product_id) REFERENCES public.main_product(id) DEFERRABLE INITIALLY DEFERRED;


--
-- Name: main_product main_product_category_id_c0d90f41_fk_main_productcategory_id; Type: FK CONSTRAINT; Schema: public; Owner: postgres
--

ALTER TABLE ONLY public.main_product
    ADD CONSTRAINT main_product_category_id_c0d90f41_fk_main_productcategory_id FOREIGN KEY (category_id) REFERENCES public.main_productcategory(id) DEFERRABLE INITIALLY DEFERRED;


--
-- Name: main_product main_product_vendor_id_34ac7c86_fk_main_vendor_id; Type: FK CONSTRAINT; Schema: public; Owner: postgres
--

ALTER TABLE ONLY public.main_product
    ADD CONSTRAINT main_product_vendor_id_34ac7c86_fk_main_vendor_id FOREIGN KEY (vendor_id) REFERENCES public.main_vendor(id) DEFERRABLE INITIALLY DEFERRED;


--
-- Name: main_productimage main_productimage_product_id_7c7e66ae_fk_main_product_id; Type: FK CONSTRAINT; Schema: public; Owner: postgres
--

ALTER TABLE ONLY public.main_productimage
    ADD CONSTRAINT main_productimage_product_id_7c7e66ae_fk_main_product_id FOREIGN KEY (product_id) REFERENCES public.main_product(id) DEFERRABLE INITIALLY DEFERRED;


--
-- Name: main_productrating main_productrating_customer_id_b0b6b50c_fk_main_customer_id; Type: FK CONSTRAINT; Schema: public; Owner: postgres
--

ALTER TABLE ONLY public.main_productrating
    ADD CONSTRAINT main_productrating_customer_id_b0b6b50c_fk_main_customer_id FOREIGN KEY (customer_id) REFERENCES public.main_customer(id) DEFERRABLE INITIALLY DEFERRED;


--
-- Name: main_productrating main_productrating_product_id_9adac0ca_fk_main_product_id; Type: FK CONSTRAINT; Schema: public; Owner: postgres
--

ALTER TABLE ONLY public.main_productrating
    ADD CONSTRAINT main_productrating_product_id_9adac0ca_fk_main_product_id FOREIGN KEY (product_id) REFERENCES public.main_product(id) DEFERRABLE INITIALLY DEFERRED;


--
-- Name: main_vendor main_vendor_user_id_a0af8030_fk_auth_user_id; Type: FK CONSTRAINT; Schema: public; Owner: postgres
--

ALTER TABLE ONLY public.main_vendor
    ADD CONSTRAINT main_vendor_user_id_a0af8030_fk_auth_user_id FOREIGN KEY (user_id) REFERENCES public.auth_user(id) DEFERRABLE INITIALLY DEFERRED;


--
-- Name: main_wishlist main_wishlist_customer_id_5d6c2ad2_fk_main_customer_id; Type: FK CONSTRAINT; Schema: public; Owner: postgres
--

ALTER TABLE ONLY public.main_wishlist
    ADD CONSTRAINT main_wishlist_customer_id_5d6c2ad2_fk_main_customer_id FOREIGN KEY (customer_id) REFERENCES public.main_customer(id) DEFERRABLE INITIALLY DEFERRED;


--
-- Name: main_wishlist main_wishlist_product_id_3a112506_fk_main_product_id; Type: FK CONSTRAINT; Schema: public; Owner: postgres
--

ALTER TABLE ONLY public.main_wishlist
    ADD CONSTRAINT main_wishlist_product_id_3a112506_fk_main_product_id FOREIGN KEY (product_id) REFERENCES public.main_product(id) DEFERRABLE INITIALLY DEFERRED;


--
-- Name: token_blacklist_blacklistedtoken token_blacklist_blacklistedtoken_token_id_3cc7fe56_fk; Type: FK CONSTRAINT; Schema: public; Owner: postgres
--

ALTER TABLE ONLY public.token_blacklist_blacklistedtoken
    ADD CONSTRAINT token_blacklist_blacklistedtoken_token_id_3cc7fe56_fk FOREIGN KEY (token_id) REFERENCES public.token_blacklist_outstandingtoken(id) DEFERRABLE INITIALLY DEFERRED;


--
-- Name: token_blacklist_outstandingtoken token_blacklist_outs_user_id_83bc629a_fk_auth_user; Type: FK CONSTRAINT; Schema: public; Owner: postgres
--

ALTER TABLE ONLY public.token_blacklist_outstandingtoken
    ADD CONSTRAINT token_blacklist_outs_user_id_83bc629a_fk_auth_user FOREIGN KEY (user_id) REFERENCES public.auth_user(id) DEFERRABLE INITIALLY DEFERRED;


--
-- Name: SCHEMA public; Type: ACL; Schema: -; Owner: postgres
--

REVOKE USAGE ON SCHEMA public FROM PUBLIC;


--
-- PostgreSQL database dump complete
--

